split,repeat,point,true_Strength,mu_Strength,sigma_uc_Strength,resid_Strength,true_Toughness,mu_Toughness,sigma_uc_Toughness,resid_Toughness,sigma_cal_Strength,sigma_cal_Toughness
0,0,3,18.49277387277017,23.736386223624216,9.66768451057979,-5.243612350854047,14.049413234617568,16.023272577337217,5.393215685383556,-1.9738593427196491,7.38506753456128,4.114769396128516
0,0,9,94.62319761567007,95.42808852740407,1.0596962182674445,-0.804890911734006,4.847187637262277,4.926844860980804,1.8097603110250655,-0.07965722371852735,2.006538478164392,2.105694004485129
0,0,12,61.933831883918,53.53206135600427,12.767348608994673,8.401770527913733,2.7615194056182433,7.966815098136889,5.3949947281156785,-5.205295692518646,9.321830556565374,4.115766821964865
0,0,17,99.8683907227732,99.30490150552389,5.2592324691961405,0.5634892172493124,6.0320034789695995,6.706031980063964,3.748747862013458,-0.6740285010943641,4.6305345829435325,3.1927934005787786
0,0,21,91.92165931955867,94.16473935654061,1.0636877754104708,-2.2430800369819366,4.122110394865796,4.578412294735151,1.8205011172424763,-0.4563018998693549,2.0090325226896626,2.1117158708692396
0,0,28,94.71421913113033,93.99313392900704,4.724997707655237,0.721085202123291,4.434601146470383,5.98070053997155,3.1082369162788765,-1.5460993935011667,4.29672869354064,2.833688948389542
0,0,37,33.62346313487976,41.899833985227,17.610142566662734,-8.276370850347234,22.885255128649302,19.93716241073267,5.292026588228635,2.94809271791663,12.347753354197799,4.058037414351581
0,0,41,86.1572725747117,73.08003476658439,7.104205574328419,13.077237808127308,24.46021001385732,24.915115828850723,3.29412003229915,-0.45490581499340266,5.783329070720315,2.937904895039967
0,0,63,62.83244503940233,72.71352154239001,7.138140476566124,-9.881076502987682,24.314295670270337,21.686372920263068,2.5166896722181584,2.6279227500072686,5.804532614627838,2.5020361477042226
0,0,70,16.3011911471622,17.138444920289636,10.291689782051169,-0.8372537731274363,15.553481880829267,13.355417683121782,4.1787689741233764,2.1980641977074846,7.774964728886118,3.4338860734244174
0,0,75,63.28835250491195,71.19866718456107,4.714779499166931,-7.910314679649126,18.9934879839535,19.996562598227033,1.3503691409710532,-1.0030746142735332,4.290344050649367,1.848134917382222
0,0,76,67.1327722479398,64.951955216063,10.698312790314555,2.180817031876799,10.775944631568295,15.822467482249857,3.7243625280010346,-5.046522850681562,8.029034970465947,3.1791216872844177
0,0,77,16.484240804319526,31.28678388292864,8.491883375378785,-14.802543078609112,16.613986733013075,17.30498571188507,2.2490555435652992,-0.6909989788719955,6.6503917479003025,2.351986241770445
0,0,91,48.83200749593603,43.43667146826365,13.501970867368195,5.395336027672386,1.8618713309090102,5.892802500031028,7.702958845948546,-4.0309311691220175,9.780844559368633,5.4097340768979745
0,0,94,68.81050163065262,67.61215698527471,0.9347566092359145,1.1983446453779152,12.446708860384476,11.091401570775453,0.7537043372728307,1.3553072896090228,1.9284724661472643,1.5136129409827166
0,0,99,76.35579220454977,67.05690404903373,11.030725538192169,9.298888155516039,10.67473266747813,14.302021638319474,3.851204937795363,-3.6272889708413434,8.236736417361874,3.250236278513324
0,0,100,26.590473482268628,41.263986798935676,9.42587475500821,-14.673513316667048,17.3409152302523,16.126186708193966,2.460543951025775,1.2147285220583335,7.23397755252407,2.4705578746382764
0,0,112,69.86265452997606,64.99070552107443,12.896606215610355,4.871949008901623,15.447604729134476,14.533683952209804,3.6235663575625345,0.9139207769246713,9.402594582878425,3.1226100010921107
0,0,117,26.151753430429398,26.768687047135785,14.015041486671004,-0.6169336167063868,19.496886376894068,17.92487462378782,6.383388376104131,1.5720117531062492,10.101426458436528,4.669912792259173
1,0,5,106.02724465602475,90.18336409071722,15.595411051962541,15.84388056530753,5.360247481788985,9.377342291334127,4.463599074369432,-4.017094809545142,11.088888724661626,3.5935769542704254
1,0,8,98.04053105918149,96.30127418200956,1.9719512869718678,1.7392568771719255,4.160788629019243,5.584068069694981,0.9524510284210332,-1.4232794406757376,2.576542784310356,1.6250408910036889
1,0,23,23.16444205795815,50.65077838889089,14.05745464574618,-27.48633633093274,17.8525156358467,5.50934570897551,6.129625267002323,12.343169926871191,10.127927471299563,4.527639716542518
1,0,30,93.48940821225624,93.85784525175671,1.686723991381389,-0.3684370395004777,3.98125478783674,5.11620377736386,0.9290409892349194,-1.1349489895271199,2.398324222096351,1.6119159797845424
1,0,33,20.551007181485623,23.09315977490332,10.193683243342463,-2.542152593417697,17.6341476127744,20.137221020619823,2.2439202584414724,-2.5030734078454238,7.713727306359367,2.349107128207269
1,0,34,20.51884998427476,38.218365844682616,13.079384959269705,-17.699515860407857,18.09916668244404,9.271855425314596,4.926948641219248,8.827311257129443,9.516800219582358,3.853355328838084
1,0,52,56.484914849706776,46.50540065100675,12.846144549972841,9.979514198700024,21.09007756483452,20.785386023570087,3.6468776439928505,0.30469154126443243,9.371064621910897,3.1356795462718337
1,0,54,17.02894957415735,17.590957352463867,6.517857846966135,-0.5620077783065156,16.996076659902027,16.205524329267096,3.1894742595019463,0.7905523306349309,5.4169614385074745,2.8792349173221607
1,0,57,43.50616172761773,35.01498394755214,10.12729650947129,8.491177780065591,11.167872475426345,12.53134314428748,4.617227368336401,-1.3634706688611349,7.672246885503743,3.6797091347010102
1,0,60,77.430549346183,61.878158607201634,20.999855818203482,15.552390738981366,5.28813934914015,12.302619285132597,6.277057711236722,-7.014479935992447,14.465747779509448,4.610298174566205
1,0,67,18.70656102176115,19.3462131051506,7.085961224573578,-0.6396520833894499,16.475500264086424,18.121360197933658,4.913577221063255,-1.645859933847234,5.771929454231627,3.8458586005743647
1,0,68,37.61040536196327,32.6872156589264,11.49272461921066,4.9231897030368685,22.542665474583867,14.687966483259245,5.7832352634368025,7.8546989913246215,8.525407288755346,4.333435084595807
1,0,81,14.488534728757534,21.816136248437058,7.064990208128505,-7.327601519679524,14.601191023961066,15.052819814198958,4.836975108715242,-0.4516287902378924,5.758826134679865,3.8029113882363723
1,0,92,17.822310010837665,23.646527048355274,8.947999172707485,-5.824217037517609,18.745286497855265,16.329493286256145,6.559581939148493,2.4157932115991194,6.93538656732925,4.768696260922227
1,0,98,68.53814320899697,71.18566724134344,5.906645075110657,-2.6475240323464675,19.49220034806418,15.822829235900397,4.175573890215502,3.669371112163784,5.035057381318931,3.4320947397023684
1,0,103,50.1758077798978,37.992230116309486,11.308604882012226,12.183577663588316,1.09322872802545,8.723251941263527,7.23421381069936,-7.630023213238077,8.410363759100182,5.146930716205157
1,0,105,64.4252724511907,66.28602974923072,3.0267987219002412,-1.8607572980400278,11.742895108603914,10.86338989529202,1.4113754633543325,0.8795052133118944,3.235643074199797,1.8823383016107338
1,0,107,67.92914865962737,68.55744877769187,4.272606581190458,-0.6283001180645016,10.209380580032068,12.414743866462711,1.9790447502984898,-2.205363286430643,4.014061160091508,2.200603851435092
1,0,108,66.91419695119404,70.07978246519482,5.084307874247895,-3.1655855140007816,11.52766858628333,13.929635307609749,2.569684864055038,-2.401966721326419,4.521236453733966,2.5317480666963643
2,0,1,59.38278865114611,49.97565506034147,14.582943679058541,9.40713359080464,10.058174687361719,6.946684605946935,7.519370058182655,3.111490081414784,10.456268767605996,5.306804452513264
2,0,6,102.31586665053233,103.22558866700538,4.485451424201859,-0.9097220164730544,5.1165813362992765,5.94218387223755,3.283365629544347,-0.8256025359382733,4.147052996716502,2.931875405714915
2,0,7,100.54575565420733,99.6106977511598,3.2809438468579386,0.9350579030475217,4.83407354664049,5.806071540876468,2.117627273657572,-0.971997994235978,3.394440564706072,2.2783005738178614
2,0,15,17.2175256875071,22.046770653559285,13.641709852432902,-4.829244966052187,14.799912443472774,21.4376223501007,8.667253493244495,-6.637709906627926,9.868157665051312,5.950368867563549
2,0,20,93.87229119248633,94.15778518293817,1.9163024651825902,-0.2854939904518403,4.1169070132174665,4.962399912836633,0.8261026455707546,-0.8454928996191668,2.541771732726191,1.5542032775162111
2,0,22,22.28778242646885,22.742641915218705,7.144716335111386,-0.4548594887498538,20.714414689313326,18.4928360808562,4.318421293869082,2.2215786084571256,5.808641408117721,3.512182580475866
2,0,29,94.19984376701287,95.44441500344843,1.8221014932548045,-1.2445712364355614,4.6685111413823535,5.5119422107173435,1.6911339820403297,-0.84343106933499,2.482912142372552,2.039185784494559
2,0,35,63.5781120854075,47.09127749016466,15.817973017915195,16.48683459524284,1.977766810996525,10.829517426807922,7.514871867791799,-8.851750615811397,11.227952110911144,5.304282528091974
2,0,43,20.481919337918775,21.387121457730196,7.171705758872829,-0.9052021198114204,19.09315793183945,19.44927179573985,3.8320364228746633,-0.3561138639004007,5.825505208925394,3.239489391054618
2,0,44,18.632969188112835,26.113673118053576,8.041134357138583,-7.480703929940741,15.479088510995524,16.449252869174224,3.0764228630321595,-0.9701643581786996,6.368750252881954,2.815852300570856
2,0,48,87.35859796967429,77.85755411273064,9.950327049216865,9.501043856943653,6.664549674421354,7.743310278099981,4.346818588264268,-1.078760603678627,7.5616710631686495,3.5281036118264617
2,0,50,85.67884501267451,77.90259538770512,6.634841744082698,7.776249624969395,26.033455616949,23.89989890597537,3.7796484483464132,2.133556710973629,5.490056483296733,3.210117910333558
2,0,51,71.3828894764614,73.57423611692178,5.174506140049285,-2.191346640460381,21.64499300940713,24.090429501392453,3.445532530844938,-2.4454364919853226,4.577595033343403,3.022794782881822
2,0,62,71.4438364158991,74.97933858258844,4.125100742287107,-3.5355021666893407,20.77736434766016,22.67836210580145,2.1733852255003083,-1.9009977581412905,3.9218950913669013,2.309561442792889
2,0,66,14.9274385746899,14.470034426754745,5.401219259803371,0.45740414793515427,13.584928849166,17.512631902246152,2.1313412855604223,-3.927703053080153,4.719252184893289,2.285989377209101
2,0,74,79.99719446748381,71.93743649205814,3.546672920430825,8.059757975425669,20.5842603804155,21.09186406730929,2.0655338255852325,-0.5076036868937912,3.560476053464533,2.2490942202695843
2,0,78,15.7585522977264,16.248713613689745,9.409451679389303,-0.4901613159633449,16.120802777688827,16.28974743405911,4.072582634851934,-0.16894465637028233,7.223715922696973,3.3743523723253377
2,0,102,17.088880431403968,38.42069313255863,16.73751825194288,-21.331812701154664,18.899387459468134,8.117910679361245,7.663055399077974,10.781476780106889,11.802511530828825,5.387362085405332
2,0,106,61.0428787454959,67.79131363102829,1.4443365156912495,-6.74843488553239,11.43990210389649,10.869979163706294,0.8892249939073282,0.569922940190196,2.2468732632154693,1.589593018271237
3,0,2,20.89585714361514,30.64687016668146,15.247944632256552,-9.75101302306632,16.56761127473616,17.58247202678521,6.446657521664346,-1.014860752049053,10.871781292466357,4.705384835333823
3,0,14,25.870520205273934,16.224765845263185,9.007446039020923,9.645754360010748,14.0049283108389,13.203597583589062,3.0188178169299795,0.8013307272498391,6.972530750955071,2.783555852459208
3,0,19,96.78376589038817,95.44455610687615,1.489166892093062,1.3392097835120182,7.355559882552597,4.4476877880837815,0.288352290594324,2.9078720944688152,2.2748846259053677,1.2527118698761612
3,0,24,63.332813736939954,57.450625313220186,13.886281075223067,5.882188423719768,1.82898508052785,4.955145583006944,6.3437347412624705,-3.126160502479094,10.020973094564642,4.647680858656859
3,0,25,24.95659463756515,31.40955830358205,14.195165305228404,-6.452963666016899,19.11475683793465,17.642163352833045,6.847911698772652,1.472593485101605,10.213973218371757,4.930349236674172
3,0,36,34.115780411653425,33.1344849760505,11.571687056057485,0.9812954356029238,17.691033064657375,17.722183458050225,6.418792093978123,-0.031150393392849196,8.574745385709294,4.689761996706446
3,0,38,88.71483507879226,91.41877939528925,4.8287486674885205,-2.7039443164969867,4.810595951836794,5.608618996858024,1.5390827760934753,-0.79802304502123,4.361555402539622,1.953937803363438
3,0,39,93.89981601357904,93.47196126956871,2.5636442649046343,0.4278547440103324,4.59171662750557,5.081110110024339,0.7992239719459462,-0.4893934825187687,2.9462502892705533,1.5391336656198207
3,0,61,78.60220609535597,77.33974164390956,6.858662596287894,1.2624644514464052,17.989211690166634,20.700858963464704,3.3225492639548353,-2.7116472732980696,5.629906459404191,2.9538438321149103
3,0,65,19.528272492831448,21.121801014077896,6.990441795348671,-1.5935285212464478,19.59261980698215,16.13082435358539,1.8007438852862683,3.4617954533967605,5.712246052246121,2.1006389173750684
3,0,71,26.760099448330866,28.699693702626398,18.428205949456803,-1.9395942542955318,17.253243737433966,15.299186948186389,5.922055746484067,1.954056789247577,12.858903872172107,4.4112652198172455
3,0,83,71.7471677976817,70.80721699954422,3.261213407302682,0.939950798137474,11.460708975733725,14.624257658306643,1.5393359359917316,-3.1635486825729178,3.3821123947737073,1.9540797382471196
3,0,84,73.50397660327812,72.01170962329914,2.3200501555184414,1.4922669799789787,16.233276031999672,16.547440547276214,1.7916089832384465,-0.3141645152765413,2.794045389494974,2.0955174061541735
3,0,86,65.591960546395,72.60325852905041,4.528972030975527,-7.011297982655407,19.04500294060005,17.099537492345714,2.8887739130382215,1.9454654482543354,4.174245976090468,2.710646333615558
3,0,93,68.1554204717836,67.35724162390821,3.365127137212575,0.7981788478753913,9.81690258819314,11.848087988466032,1.4851633834769913,-2.031185400272893,3.447040807394585,1.9237077283321482
3,0,101,15.04936161152886,15.710174728259242,5.666316033297967,-0.660813116730381,16.756088065827463,17.28277255100497,2.38102576567354,-0.5266844851775083,4.8848925936135394,2.425975756908427
3,0,110,70.53891120146032,74.73467127259912,9.10194264891988,-4.195760071138793,15.518504087807024,16.811174891366825,3.955547547667244,-1.2926708035598011,7.031575064773023,3.308736286994934
3,0,114,16.65076077812998,16.271518274323665,7.66673792763279,0.37924250380631364,14.91835246331919,18.02030186461969,3.366671793297455,-3.1019494013005,6.134816143502812,2.9785812653068025
3,0,115,16.65625431634737,23.78305830208621,15.718863138059287,-7.126803985738842,15.639161704669801,15.540722956167196,8.370947617981388,0.09843874850260548,11.166025287769774,5.784244057791909
4,0,13,20.16537021859946,28.316019982013962,11.333046883380144,-8.150649763414503,21.981828240884,16.204665717475972,4.433437833461316,5.777162523408027,8.425635854053105,3.5766669608256847
4,0,16,61.38960058864802,55.42866588001432,24.1412558859417,5.960934708633701,22.726212344024198,16.608599982357642,6.904684900825713,6.117612361666556,16.42858868592504,4.962179308834628
4,0,27,41.95254310380097,49.72565095549341,18.327292964765782,-7.773107851692437,21.849868675161133,17.707961563503442,5.588434353984245,4.141907111657691,12.795850415092811,4.22421934934448
4,0,32,37.440819767292076,56.02248760788747,16.74247325072321,-18.581667840595394,25.156835357817474,23.00713578589828,3.1306306704206044,2.149699571919193,11.805607562562306,2.8462440762403283
4,0,46,35.62523389249657,37.13939545639248,7.562287005256328,-1.514161563895911,17.987320114985366,14.720524840141081,3.7901558923330154,3.2667952748442843,6.069552076929792,3.2160089414577655
4,0,47,27.735522821141263,33.61682478995507,19.763779524631882,-5.881301968813805,22.732576075377967,20.448923510733373,5.638220076173964,2.283652564644594,13.693410267522392,4.252131869205137
4,0,49,89.50992642268943,91.69461411320749,4.951399048978088,-2.1846876905180608,6.58320936583297,4.61734264698714,1.4583114544667892,1.96586671884583,4.438191036583055,1.9086531108870488
4,0,55,20.299274061488774,19.31939448455433,3.157372826140824,0.9798795769344437,18.06789415848285,16.748185620929398,2.039741787565446,1.3197085375534527,3.3172296876827847,2.2346338340019973
4,0,58,15.99250790650005,19.106470933965426,8.186444154447763,-3.113963027465376,14.311787412395875,15.472723139540824,5.515690711638143,-1.160935727144949,6.459544169005719,4.183435400203709
4,0,59,26.10144790045783,30.783843761238455,18.87250835832749,-4.682395860780623,17.146073295989,19.45947339041941,4.200561138832013,-2.31340009443041,13.136517332459025,3.446103918290031
4,0,72,71.7661995486084,72.58109516973101,3.323610813684496,-0.8148956211226164,14.581765487729701,14.286360859815867,2.509669805573986,0.29540462791383426,3.4211001642584913,2.498100437655105
4,0,79,29.124210888826802,30.133070754229,6.595378544111015,-1.0088598654021972,19.710073901690876,17.172828564705693,4.821219756714409,2.5372453369851833,5.465398693288391,3.7940781011754945
4,0,80,46.453384160498565,51.18847488148875,7.2191671294129725,-4.735090720990186,4.944878573759263,3.250751210154339,2.313809061400876,1.6941273636049243,5.855160495600744,2.3882905027741383
4,0,82,69.86792006915198,69.4833084474495,2.145070114794906,0.38461162170247576,12.97838453858875,12.132731471368054,1.6467852736702404,0.845653067220697,2.684712616103361,2.0143215433280375
4,0,85,74.59685990483652,71.8318439029409,3.3195579962215342,2.765016001895617,20.950188488929776,17.79066024654615,1.9002225510183044,3.159528242383626,3.4185678424494244,2.156411940459395
4,0,87,75.22236512124877,63.29763672065053,11.942805782062907,11.92472840059824,11.421824151342928,13.373070486584647,3.5759757251871904,-1.9512463352417182,8.806631487712455,3.095928165157383
4,0,104,21.4725090184733,24.17853712272305,5.099701480804805,-2.70602810424975,20.378480371159398,16.608669563843282,5.266387536244115,3.769810807316116,4.530854840439142,4.043662800180089
4,0,113,35.91462169927672,37.11517948867841,10.93678905243666,-1.2005577894016852,17.810556668787925,14.856793292315638,3.3475534819830988,2.9537633764722866,8.178042085895017,2.9678625246560064
5,1,2,20.89585714361514,37.752264408073415,17.93046216707381,-16.856407264458277,16.56761127473616,15.700637454099175,7.382165249608903,0.8669738206369839,12.54789864013912,5.2298801502063
5,1,7,100.54575565420733,97.15781890707574,7.857066121994163,3.38793674713159,4.83407354664049,6.970258233040728,3.657600582650129,-2.136184686400238,6.253738903253595,3.1416913951528302
5,1,8,98.04053105918149,97.08575901118364,3.5520606625971305,0.9547720479978494,4.160788629019243,6.718644822121798,2.2432246012854624,-2.5578561931025545,3.563842476234384,2.3487171058609153
5,1,9,94.62319761567007,96.43034973477936,3.1982298182683286,-1.8071521191092899,4.847187637262277,6.399435209572697,2.124486020944029,-1.5522475723104208,3.3427583608004072,2.282145951798378
5,1,13,20.16537021859946,35.94922771768922,15.788953830973327,-15.783857499089759,21.981828240884,15.809006182266945,6.259260861153582,6.172822058617054,11.209820053238708,4.600320315261287
5,1,16,61.38960058864802,54.75011243355796,22.82155266298625,6.6394881550900635,22.726212344024198,16.317562645228286,7.391419733314342,6.408649698795912,15.603998562257505,5.235068705255152
5,1,20,93.87229119248633,94.99492575544134,1.7456073011299853,-1.1226345629550138,4.1169070132174665,5.424406907115855,1.0590980351017087,-1.3074998938983882,2.4351162786913267,1.6848328667173338
5,1,22,22.28778242646885,24.6694044688628,14.721773155170577,-2.38162204239395,20.714414689313326,17.657437083444698,3.5688063947052355,3.056977605868628,10.543013584838127,3.091908657743137
5,1,23,23.16444205795815,40.18867959008837,14.419579063649504,-17.02423753213022,17.8525156358467,10.622737296803518,7.938019432179178,7.2297783390431825,10.35419366005162,5.541521525046614
5,1,36,34.115780411653425,36.564369836583786,15.353629130199302,-2.4485894249303612,17.691033064657375,15.225293355211855,6.989355914567229,2.4657397094455202,10.937816134022015,5.009650375813949
5,1,47,27.735522821141263,39.46884442957701,21.072227065556532,-11.733321608435748,22.732576075377967,18.541881416699006,5.394051028861302,4.190694658678961,14.51096750373743,4.115237734045243
5,1,66,14.9274385746899,14.211806278129767,5.300361785115938,0.7156322965601323,13.584928849166,17.414729963179294,2.076090402791998,-3.8298011140132946,4.656233412127806,2.255012798086363
5,1,79,29.124210888826802,33.21655874353637,7.749455993351819,-4.0923478547095655,19.710073901690876,18.113747294211883,7.8449492975866155,1.5963266074789928,6.186500869927926,5.489341464860898
5,1,81,14.488534728757534,25.716382458231482,11.288745851048972,-11.227847729473948,14.601191023961066,12.204556802398207,6.565266699977918,2.3966342215628593,8.397955241402368,4.771883439747308
5,1,86,65.591960546395,68.60272276085968,5.54316652418156,-3.010762214464677,19.04500294060005,18.174383242654073,3.057772039269886,0.8706196979459762,4.807945089670586,2.805395658268907
5,1,87,75.22236512124877,63.49015196308661,12.738164998004184,11.73221315816216,11.421824151342928,12.151867967105312,3.878888404292127,-0.7300438157623841,9.303595761819762,3.265757100034365
5,1,92,17.822310010837665,30.550865133599274,14.37852918077217,-12.728555122761609,18.745286497855265,10.787101002124723,8.3506777032195,7.958185495730541,10.328544463012792,5.772879667089512
5,1,94,68.81050163065262,67.11827490780027,1.1077101828430755,1.6922267228523538,12.446708860384476,11.21155675432268,0.7491589377137367,1.2351521060617952,2.0365390421537133,1.5110645485945464
5,1,100,26.590473482268628,31.599669851921664,7.770453754996724,-5.009196369653036,17.3409152302523,16.374390341612028,3.920059232524051,0.9665248886402722,6.199620900682067,3.288839652825787
6,1,6,102.31586665053233,100.30067896074124,8.604482431354558,2.015187689791091,5.1165813362992765,5.127161425848247,2.8018573572208014,-0.010580089548970939,6.720747012536226,2.6619162964930956
6,1,32,37.440819767292076,43.61147663030568,14.356691359139223,-6.170656863013605,25.156835357817474,23.04277646034757,4.964084654702164,2.114058897469903,10.314899537602507,3.8741757502018133
6,1,33,20.551007181485623,23.9884253644033,8.170732454569473,-3.4374181829176784,17.6341476127744,21.26303233590979,4.40565630575715,-3.6288847231353927,6.44972702806046,3.561091160983977
6,1,35,63.5781120854075,44.85255656324364,15.145493743424149,18.72555552216386,1.977766810996525,10.158947350640137,7.947297556226119,-8.181180539643613,10.807766906790334,5.546723334126394
6,1,38,88.71483507879226,87.36285450177766,8.56974459843178,1.3519805770146007,4.810595951836794,6.932507489589264,2.3347748497720686,-2.121911537752471,6.699041773473773,2.4000450371781024
6,1,41,86.1572725747117,67.34540658707606,11.763406147227748,18.81186598763564,24.46021001385732,23.18679273758405,4.618826084075968,1.2734172762732712,8.694537219469824,3.680605459648596
6,1,49,89.50992642268943,86.95228346546456,12.948922284427033,2.5576429572248713,6.58320936583297,6.198581298170902,4.068340672077869,0.38462806766206814,9.435283230526593,3.371974102713659
6,1,55,20.299274061488774,20.490121473928273,3.8885077200159377,-0.1908474124394992,18.06789415848285,16.232631794890985,1.819691078240807,1.8352623635918661,3.7740646806351967,2.111261719985662
6,1,57,43.50616172761773,38.571017249706514,7.855104661029503,4.935144477911216,11.167872475426345,14.044659687517816,3.724294223878851,-2.8767872120914717,6.25251332366018,3.1790833923660524
6,1,68,37.61040536196327,28.587075760312405,7.245194206610165,9.023329601650861,22.542665474583867,17.03251939380715,4.9357077305395824,5.5101460807767175,5.871422993434669,3.8582661394854303
6,1,70,16.3011911471622,20.704706776083363,13.080059146340023,-4.403515628921163,15.553481880829267,11.60748841236231,4.579715886687081,3.9459934684669573,9.517221471868492,3.6586782059429757
6,1,71,26.760099448330866,26.173732591303615,12.077851238073839,0.5863668570272509,17.253243737433966,16.57417561057227,4.826250253817517,0.6790681268616972,8.89101193578275,3.796898465009214
6,1,75,63.28835250491195,69.10721592942596,7.743684441401499,-5.818863424514014,18.9934879839535,20.3135527749422,3.544771180170633,-1.3200647909886989,6.182894631302693,3.078433240022054
6,1,78,15.7585522977264,17.3635420964025,4.859015886127218,-1.604989798676101,16.120802777688827,13.940212828817025,2.5522118300268666,2.180589948871802,4.38046726781829,2.5219517558689604
6,1,83,71.7471677976817,70.183022184054,2.244004973388194,1.5641456136277014,11.460708975733725,13.89391825737857,1.566069562209897,-2.433209281644844,2.7465300807146624,1.9690680288642235
6,1,84,73.50397660327812,71.33515641664331,4.256360686557784,2.168820186634804,16.233276031999672,15.132007397445005,2.275734553197037,1.1012686345546676,4.003910238254517,2.366943911428641
6,1,85,74.59685990483652,71.63209580168075,4.243039271952942,2.9647641031557725,20.950188488929776,17.127623653320267,3.0966165801855814,3.8225648356095085,3.9955866191821676,2.827173970847274
6,1,93,68.1554204717836,68.70125409827673,2.777499197828387,-0.5458336264931347,9.81690258819314,12.312736629182632,0.968081827744745,-2.495834040989493,3.079873260343999,1.6338043472190762
6,1,106,61.0428787454959,68.20552096923245,3.0640114852332725,-7.162642223736555,11.43990210389649,11.678124975615777,1.0565957268242974,-0.23822287171928735,3.25889472395335,1.6834299398053856
7,1,12,61.933831883918,48.00084713084376,16.847065568536433,13.932984753074244,2.7615194056182433,11.100860537996425,4.976782302611237,-8.339341132378182,11.87095997724167,3.8812947259614705
7,1,17,99.8683907227732,94.22699852781571,14.418465402465559,5.64139219495749,6.0320034789695995,7.003361892129161,5.296797249841127,-0.9713584131595612,10.353497811168765,4.060712100610019
7,1,24,63.332813736939954,48.10758069164542,17.620815003650684,15.225233045294537,1.82898508052785,10.87030675746615,7.197644060021316,-9.0413216769383,12.354421812668347,5.126427771842707
7,1,30,93.48940821225624,93.81686123854963,1.2878566270360552,-0.3274530262933979,3.98125478783674,4.724651752675907,1.099469892579057,-0.743396964839167,2.149099939264116,1.7074674740723075
7,1,37,33.62346313487976,41.03250449080944,16.69554377344146,-7.4090413559296735,22.885255128649302,20.434879685018124,5.106845234900266,2.4503754436311773,11.77628461873502,3.954214913135183
7,1,39,93.89981601357904,92.34662232408228,2.1295118332159837,1.5531936894967657,4.59171662750557,4.941239051942819,1.3073281432541013,-0.34952242443724924,2.674991335509314,1.824003848257247
7,1,48,87.35859796967429,80.00212760886026,7.267676649381076,7.356470360814029,6.664549674421354,7.034953493402584,3.718777229564359,-0.37040381898123,5.885470697450497,3.1759902723589235
7,1,59,26.10144790045783,30.940053434842014,16.048131193749054,-4.8386055343841825,17.146073295989,18.854263816923194,5.103003520681655,-1.7081905209341919,11.37176183674398,3.9520610441199397
7,1,61,78.60220609535597,76.17750925382975,4.954290996966503,2.424696841526213,17.989211690166634,20.42355582351896,3.3357898474148477,-2.434344133352326,4.439998012354522,2.9612672063784373
7,1,65,19.528272492831448,21.669339547203183,12.267985469291308,-2.141067054371735,19.59261980698215,15.93079580295028,2.2687552852679467,3.6618240040318693,9.00981350154837,2.3630309631753
7,1,67,18.70656102176115,18.72210411147794,9.52771854839989,-0.015543089716789638,16.475500264086424,18.34322506920583,5.8671539296580155,-1.8677248051194049,7.297612606774788,4.3804843455998626
7,1,76,67.1327722479398,63.82237585289313,11.933579599247311,3.3103963950466664,10.775944631568295,13.885115696748178,3.0507283470195783,-3.1091710651798827,8.800866692191343,2.8014465903196695
7,1,99,76.35579220454977,65.96730148031227,12.976700049312708,10.3884907242375,10.67473266747813,12.880001043372184,3.1959994320524436,-2.205268375894054,9.45263961049435,2.8828932755903383
7,1,104,21.4725090184733,23.969445604516494,7.19377335558896,-2.4969365860431942,20.378480371159398,17.557047144970603,4.082712225957158,2.8214332261887947,5.839293704693745,3.3800315590573775
7,1,105,64.4252724511907,66.70561214985014,3.090342256686181,-2.2803396986594464,11.742895108603914,10.813569135797085,1.5217288440727579,0.9293259728068293,3.275346979059609,1.9442082674466366
7,1,108,66.91419695119404,70.9946182721812,2.507685353836676,-4.080421320987156,11.52766858628333,13.573303670469889,2.2950355585388427,-2.045635084186559,2.911285484612055,2.37776508005367
7,1,110,70.53891120146032,72.40474804410198,5.061595894516037,-1.8658368426416558,15.518504087807024,18.135765511744676,3.3951754061509214,-2.617261423937652,4.507045328145983,2.9945619044314298
7,1,112,69.86265452997606,59.94695067033596,16.913366119521513,9.915703859640097,15.447604729134476,13.57619022940484,4.026691328027573,1.8714144997296351,11.91238654844726,3.3486232685416226
7,1,113,35.91462169927672,31.31145354628464,14.042423843092182,4.603168152992083,17.810556668787925,16.330876591399615,3.0313702634976054,1.4796800773883092,10.118535775345736,2.7905934206355525
8,1,15,17.2175256875071,27.626365906950817,14.35294888070109,-10.408840219443718,14.799912443472774,20.566549679651843,7.041907554339099,-5.7666372361790685,10.312561124916652,5.039113615962453
8,1,19,96.78376589038817,96.06977643096543,1.0090096214543072,0.7139894594227343,7.355559882552597,4.370553450843824,0.16596728569516972,2.985006431708773,1.974867973457409,1.1840963365536445
8,1,21,91.92165931955867,93.99117047388572,1.9883772052500492,-2.0695111543270457,4.122110394865796,4.2093312465225825,0.28087449056577296,-0.08722085165678628,2.586806190316159,1.2485194180520105
8,1,25,24.95659463756515,29.711787834426254,10.279281416153427,-4.755193196861104,19.11475683793465,17.455605970217942,5.63670627311808,1.6591508677167077,7.767211610008969,4.251283150817534
8,1,28,94.71421913113033,94.34679663359354,7.8231675444095545,0.36742249753679346,4.434601146470383,6.148227045896595,1.8987146520933158,-1.7136258994262121,6.232558056077934,2.155566532241127
8,1,34,20.51884998427476,33.760347788422386,18.874819154236285,-13.241497804147627,18.09916668244404,12.724153192453887,7.540055264985073,5.3750134899901525,13.137961186994696,5.318401677988755
8,1,44,18.632969188112835,31.67194629371766,16.979969618248038,-13.038977105604825,15.479088510995524,13.833874528509156,6.259605611384552,1.6452139824863679,11.954002410480697,4.6005136005496325
8,1,50,85.67884501267451,76.73774697925771,6.285569616430717,8.941098033416807,26.033455616949,22.277771945818895,1.9085791589408907,3.755683671130104,5.271820790661851,2.1610970986603357
8,1,51,71.3828894764614,75.82093685135924,7.740234703919196,-4.438047374897835,21.64499300940713,22.208998451549647,2.2438168827945635,-0.5640054421425162,6.180739131939145,2.349049170329577
8,1,58,15.99250790650005,18.350674503996828,5.738890640372992,-2.358166597496778,14.311787412395875,17.365464637368735,5.237913826992241,-3.0536772249728603,4.9302393830902655,4.027698926602623
8,1,63,62.83244503940233,72.51719657340234,5.9718025734110105,-9.684751534000014,24.314295670270337,20.6021366439074,1.8068118668700273,3.7121590263629365,5.07576973895115,2.1040409501069695
8,1,80,46.453384160498565,42.92445374595208,11.799749650424264,3.528930414546487,4.944878573759263,10.127528826278473,8.455210134946197,-5.18265025251921,8.71724572943937,5.831486099783918
8,1,82,69.86792006915198,69.31397149436953,2.867127822790485,0.5539485747824529,12.97838453858875,12.027208905995188,1.6493399733562697,0.9511756325935625,3.1358759112855754,2.01575384364604
8,1,101,15.04936161152886,19.069751029842216,9.472908570973651,-4.020389418313355,16.756088065827463,16.800328536555575,1.9515148354122533,-0.04424047072811277,7.263365690287836,2.1851691191016727
8,1,102,17.088880431403968,30.206842729459943,17.16455818621776,-13.117962298055975,18.899387459468134,14.998826320297391,9.786817873228118,3.900561139170742,12.069338879652074,6.578056116379436
8,1,103,50.1758077798978,37.24823486851351,11.940056773045757,12.927572911384296,1.09322872802545,12.084349344163467,8.09142566491726,-10.991120616138017,8.80491382449395,5.627529206159142
8,1,107,67.92914865962737,66.75040000265605,3.126536216418154,1.1787486569713224,10.209380580032068,11.78819411080504,1.16538360585877,-1.5788135307729725,3.2979620497908657,1.7444222022571996
8,1,114,16.65076077812998,21.739427723357128,13.80525315678261,-5.08866694522715,14.91835246331919,16.635313903644292,2.568356761018338,-1.7169614403251021,9.970344422810921,2.5310034616016024
8,1,115,16.65625431634737,29.997319629992614,17.954161616876135,-13.341065313645245,15.639161704669801,14.570152628364568,10.275663302555468,1.0690090763052336,12.562706766620458,6.852128825476518
9,1,1,59.38278865114611,57.468309004712275,8.448670134470587,1.9144796464338327,10.058174687361719,4.623102219319578,3.2076448877335038,5.435072468042141,6.623390819930478,2.8894223365075486
9,1,3,18.49277387277017,40.78736248815345,36.982784899061855,-22.29458861538328,14.049413234617568,19.134765798579874,10.825545981857795,-5.0853525639623065,24.452360858955803,7.160422258452506
9,1,5,106.02724465602475,91.62823470457053,17.931022825386087,14.399009951454218,5.360247481788985,8.93584778424548,6.127105353716418,-3.575600302456495,12.548248956254907,4.526226919327849
9,1,14,25.870520205273934,29.667258829936195,34.12182337597591,-3.796738624662261,14.0049283108389,20.304708446253063,10.709934193580047,-6.299780135414162,22.66474635965475,7.095604150077348
9,1,27,41.95254310380097,66.49673046458051,22.67237450733282,-24.54418736077954,21.849868675161133,14.490394445288013,7.957977291193141,7.35947422987312,15.510787579910067,5.552710960724188
9,1,29,94.19984376701287,94.51830457511748,2.1315432002008006,-0.31846080810461785,4.6685111413823535,4.40944802868051,0.8606541674278377,0.2590631127018437,2.6762605944791247,1.573574695618305
9,1,43,20.481919337918775,22.204263906111496,8.236265476621487,-1.722344568192721,19.09315793183945,19.765105368664127,4.327696905125953,-0.6719474368246772,6.490674024186726,3.5173829807520844
9,1,46,35.62523389249657,37.82018862260333,8.485656575970388,-2.1949547301067653,17.987320114985366,14.799806449514488,4.426159182938262,3.1875136654708776,6.646501057020027,3.5725861627906714
9,1,52,56.484914849706776,49.56630930466965,10.52700380404392,6.918605545037124,21.09007756483452,20.95072090152921,4.558060026997675,0.1393566633053105,7.921995981913721,3.6465367809099773
9,1,54,17.02894957415735,12.141614764638907,11.980170124827609,4.887334809518444,16.996076659902027,16.184327834812414,5.326002734713551,0.8117488250896123,8.829977848837574,4.0770862464632245
9,1,60,77.430549346183,55.30531403632308,26.395483529775483,22.125235309859917,5.28813934914015,13.415464597764275,6.708663615561024,-8.127325248624125,17.83709767436328,4.852279366091767
9,1,62,71.4438364158991,76.16987628584972,5.195169659949248,-4.726039869950625,20.77736434766016,22.500231312212296,3.2938520144028116,-1.7228669645521357,4.590506219838469,2.9377546299734876
9,1,72,71.7661995486084,73.28273754251407,4.652068581406018,-1.516537993905672,14.581765487729701,14.68237811876222,2.9150521889972456,-0.1006126310325186,4.251160389859352,2.72537933069482
9,1,74,79.99719446748381,72.96460045538498,3.93752451710422,7.032594012098826,20.5842603804155,20.40320672617351,2.9113242952675153,0.18105365424198894,3.804691844432142,2.7232892754903784
9,1,77,16.484240804319526,33.04090524818104,16.72488701773391,-16.556664443861514,16.613986733013075,15.627522568972031,3.3031700926647223,0.9864641640410436,11.794619157151716,2.942978839508053
9,1,91,48.83200749593603,41.17063127664368,11.922937100969532,7.66137621929235,1.8618713309090102,7.394906148067593,7.031092916310993,-5.533034817158582,8.794216940324137,5.033050355544235
9,1,98,68.53814320899697,71.88416695921721,8.118495125535897,-3.3460237502202403,19.49220034806418,17.368317288533298,3.9343643305652005,2.1238830595308826,6.417087579388513,3.2968598504973334
9,1,117,26.151753430429398,25.161139438350038,15.224341125222235,0.9906139920793606,19.496886376894068,17.14923716022674,7.805147400595574,2.347649216667328,10.857033113901766,5.467026407623791
10,2,8,98.04053105918149,95.97936991545124,2.0608453593998766,2.0611611437302457,4.160788629019243,4.6356828992067545,0.3310573109015984,-0.4748942701875114,2.6320864648149516,1.276654572222311
10,2,16,61.38960058864802,48.218929353279016,24.073895706094564,13.170671235369007,22.726212344024198,17.41922945159089,7.20763312718475,5.306982892433307,16.386500026850594,5.132028173390088
10,2,17,99.8683907227732,90.45411543983903,17.656483930639236,9.41427528293417,6.0320034789695995,6.907427368151589,5.149590470317896,-0.8754238891819899,12.376708827206897,3.9781801622079267
10,2,19,96.78376589038817,95.24323854551994,1.8541945791012364,1.5405273448682237,7.355559882552597,4.644015426468141,0.27174773350749415,2.7115444560844555,2.5029648642017204,1.2434024733448148
10,2,20,93.87229119248633,94.54759893001828,1.833282923650567,-0.6753077375319521,4.1169070132174665,4.4700930354237585,0.30760009440615443,-0.3531860222062919,2.4898986351782404,1.2635032108980795
10,2,23,23.16444205795815,32.78945816115929,17.244711583092016,-9.625016103201137,17.8525156358467,14.255967573073459,7.754420980746588,3.596548062773241,12.119421124122841,5.438586482697136
10,2,24,63.332813736939954,53.57047924017907,18.0760828458444,9.762334496760886,1.82898508052785,5.983140962115,7.842368427680442,-4.154155881587149,12.638886804316732,5.487894492127644
10,2,28,94.71421913113033,92.29528111082476,6.999763821240178,2.418938020305575,4.434601146470383,5.442656065145171,1.349687191192488,-1.0080549186747882,5.718070733393368,1.84775258011963
10,2,32,37.440819767292076,48.89410915151576,16.754117599631865,-11.45328938422368,25.156835357817474,22.266643387417567,2.5834401108394807,2.8901919703999077,11.812883300727975,2.5394599885521103
10,2,37,33.62346313487976,42.64990754121543,17.182803930752268,-9.026444406335663,22.885255128649302,18.286084226068184,6.50951921518538,4.599170902581118,12.080739367640897,4.7406284391565015
10,2,48,87.35859796967429,72.3835930825937,20.113742917241897,14.975004887080587,6.664549674421354,7.6648928998286205,4.5661777856675325,-1.0003432254072662,13.912077883219457,3.651088027535123
10,2,65,19.528272492831448,20.556838163046898,11.357736103502551,-1.0285656702154498,19.59261980698215,16.333276777352406,1.9062133138922097,3.2593430296297434,8.44106241869269,2.159770680281651
10,2,71,26.760099448330866,27.6550626000185,16.96870861848587,-0.8949631516876337,17.253243737433966,16.687135039608883,6.653272535058897,0.5661086978250829,11.946966200350278,4.821224184673948
10,2,75,63.28835250491195,68.6939893646131,5.840742905229704,-5.405636859701154,18.9934879839535,20.49993199952015,2.9553047613086862,-1.5064440155666503,4.993879730566215,2.7479470604508354
10,2,80,46.453384160498565,44.99769178459782,11.862774191156824,1.455692375900746,4.944878573759263,5.885289688974251,3.8844396291094903,-0.9404111152149879,8.756625351260984,3.268869411479304
10,2,85,74.59685990483652,72.58429507779233,2.9704790179685236,2.012564827044187,20.950188488929776,18.164836165782468,2.1503993061133015,2.7853523231473076,3.200452835347481,2.296674315657114
10,2,92,17.822310010837665,21.276524027327987,7.241864536386123,-3.4542140164903223,18.745286497855265,16.426710498352058,3.260013844574091,2.3185759995032065,5.869342515692358,2.9187831549029206
10,2,106,61.0428787454959,67.64926108658047,1.334817274752681,-6.606382341084569,11.43990210389649,10.770414811788232,0.865872659372973,0.6694872921082577,2.178442359313254,1.576500459344423
10,2,113,35.91462169927672,34.19376053200271,14.997524743603165,1.720861167274009,17.810556668787925,14.97076064633238,2.8477062379583513,2.8397960224555447,10.715311441244,2.6876216139593954
11,2,1,59.38278865114611,42.677555917615415,13.917896213832778,16.705232733530693,10.058174687361719,10.120782196502738,6.202725140567514,-0.06260750914101898,10.040727180636786,4.568623387823303
11,2,6,102.31586665053233,93.00893902068566,24.119598972500444,9.306927629846669,5.1165813362992765,6.560054616855966,5.845906967155379,-1.4434732805566899,16.41505679737453,4.368572170045322
11,2,12,61.933831883918,50.509894801767004,12.865409754571797,11.423937082151,2.7615194056182433,6.911179420158075,5.393086552699812,-4.1496600145398315,9.383102099100014,4.11469699748808
11,2,21,91.92165931955867,94.1797207347804,3.5962960104947213,-2.258061415221732,4.122110394865796,4.611892389856956,1.4866280971891939,-0.4897819949911595,3.591482047282535,1.9245289246266646
11,2,22,22.28778242646885,18.67678172564162,7.810629333369314,3.61100070082723,20.714414689313326,20.069207316202874,4.037798547060527,0.645207373110452,6.2247238060644445,3.3548505654094387
11,2,50,85.67884501267451,76.27214441518879,8.02324806019265,9.406700597485724,26.033455616949,22.795420486317603,3.9367563142897097,3.2380351306313955,6.357574358518695,3.2982009236058505
11,2,52,56.484914849706776,49.83539624451418,13.17363620354553,6.649518605192597,21.09007756483452,19.836487110407525,4.6045213520565165,1.2535904544269947,9.575691221605656,3.6725854671882523
11,2,59,26.10144790045783,33.3210003766959,17.276733714937553,-7.219552476238068,17.146073295989,19.425805417161584,4.612299253156811,-2.2797321211725823,12.139429511765842,3.6769461716108753
11,2,60,77.430549346183,66.66803592116653,19.09599705605284,10.762513425016465,5.28813934914015,12.504380796044885,5.494607974062647,-7.216241446904735,13.276159768493194,4.171615297864918
11,2,70,16.3011911471622,19.843491316146206,12.576833535659373,-3.5423001689840063,15.553481880829267,16.80291136525566,7.512089650961257,-1.2494294844263933,9.202791029231138,5.302722669579865
11,2,72,71.7661995486084,71.8466045817228,3.4506047926583383,-0.08040503311440261,14.581765487729701,16.47550499811988,2.350834552349161,-1.89373951039018,3.5004498081826445,2.4090489593353652
11,2,81,14.488534728757534,19.9650051103708,9.601712492000498,-5.476470381613266,14.601191023961066,17.680547953430036,6.494050233781174,-3.07935692946897,7.343846240248558,4.731955706660553
11,2,83,71.7471677976817,68.96056230258154,4.6294866506863785,2.7866054951001615,11.460708975733725,14.97838724993232,2.2024872034074403,-3.5176782741985946,4.23705052279162,2.325877557144344
11,2,93,68.1554204717836,66.55730331886792,4.411805186130428,1.5981171529156768,9.81690258819314,12.456842442318388,2.0239682070020883,-2.639939854125249,4.101036620077691,2.225790327040893
11,2,98,68.53814320899697,73.15214657669979,5.123790130496043,-4.614003367702821,19.49220034806418,16.996471325037668,3.47646707506274,2.495729023026513,4.545906150674937,3.0401383312302688
11,2,100,26.590473482268628,38.35636139175229,12.096714547819186,-11.76588790948366,17.3409152302523,14.984920597338975,3.708219700897745,2.3559946329133243,8.902798297023015,3.1700711611032233
11,2,101,15.04936161152886,19.74906404087241,12.666410498001195,-4.699702429343548,16.756088065827463,16.999363976535214,4.819850813443937,-0.24327591070775156,9.258761399819296,3.793310598876752
11,2,104,21.4725090184733,21.701846273075116,7.056141422907278,-0.2293372546018162,20.378480371159398,17.978386860529188,4.076495537170437,2.40009351063021,5.753297148485878,3.3765461531700103
11,2,115,16.65625431634737,22.661588567900672,17.0122559671593,-6.005334251553304,15.639161704669801,16.759518631712258,7.685133687760579,-1.1203569270424563,11.974175888864641,5.399740346566114
12,2,7,100.54575565420733,99.03339795109625,2.4759095162324645,1.5123577031110784,4.83407354664049,4.821777105298712,1.230715825814331,0.01229644134177832,2.8914309889921856,1.7810509144028472
12,2,9,94.62319761567007,94.96221513115432,2.330319584591734,-0.33901751548425807,4.847187637262277,4.645592015598179,1.1157323325913069,0.20159562166409728,2.8004620365427684,1.7165850616026215
12,2,27,41.95254310380097,60.48011009297488,20.310960802982244,-18.527566989173913,21.849868675161133,18.77342824121883,6.347318376808418,3.0764404339423024,14.03530552861983,4.649690035062264
12,2,38,88.71483507879226,90.96670036716164,3.690276202975049,-2.2518652883693733,4.810595951836794,5.99123748929066,1.1426133352570156,-1.1806415374538668,3.6502036880208997,1.7316559792830304
12,2,41,86.1572725747117,65.56600472119281,5.038846434457505,20.591267853518886,24.46021001385732,23.28231725759805,2.250630403001765,1.177892756259272,4.492830783726651,2.3528691916075606
12,2,43,20.481919337918775,21.703400682116648,4.505832247201566,-1.2214813441978727,19.09315793183945,19.619305003803692,3.2580590485228322,-0.5261470719642425,4.15978754571619,2.9176871924220236
12,2,46,35.62523389249657,38.16577735492776,14.712940886528934,-2.540543462431195,17.987320114985366,11.629789026180553,7.188411489081627,6.357531088804812,10.537494918698046,5.12125150225407
12,2,57,43.50616172761773,37.92772340602855,16.707503175773766,5.578438321589182,11.167872475426345,9.931883518860833,7.914600105668047,1.235988956565512,11.78375721172157,5.528391406859836
12,2,61,78.60220609535597,73.80054018365351,6.729839239215248,4.801665911702457,17.989211690166634,20.74118281345509,3.0008447669647556,-2.751971123288456,5.549413765219578,2.773479206142837
12,2,62,71.4438364158991,72.1144736104579,6.923860045191585,-0.6706371945588074,20.77736434766016,23.15727613992697,2.8286094879988095,-2.3799117922668103,5.670643779370648,2.6769149617491808
12,2,68,37.61040536196327,33.08276405428588,12.805600088078677,4.527641307677385,22.542665474583867,11.532250674093063,5.418634298330552,11.010414800490803,9.345731227049232,4.129020420468581
12,2,74,79.99719446748381,71.08842586270119,3.9363409639903764,8.908768604782622,20.5842603804155,20.968792159509174,1.8505957379810463,-0.384531779093674,3.8039523249769074,2.1285885135088947
12,2,77,16.484240804319526,26.46813548357094,6.820760448416066,-9.983894679251414,16.613986733013075,16.095274478290268,3.9882727835212792,0.5187122547228071,5.606224061530748,3.3270837921740206
12,2,79,29.124210888826802,27.640767821644932,10.81842291366815,1.4834430671818701,19.710073901690876,12.824341747916131,5.177537440474485,6.885732153774745,8.104083375097453,3.9938487178747173
12,2,91,48.83200749593603,46.80987247462798,9.140279170337354,2.0221350213080527,1.8618713309090102,3.6436372458942246,5.6464973329528325,-1.7817659149852143,7.0555288722554526,4.2567725389407585
12,2,99,76.35579220454977,69.53206815024649,9.30167805311943,6.823724054303284,10.67473266747813,12.566302197196281,3.803782315112853,-1.8915695297181507,7.156375731153794,3.223648637734994
12,2,102,17.088880431403968,24.928849676556002,12.449362816799757,-7.839969245152034,18.899387459468134,13.170954302503102,5.352417958240673,5.728433156965032,9.123143503939014,4.0918960236221205
12,2,112,69.86265452997606,68.35145112728229,11.927158374979369,1.5112034026937664,15.447604729134476,13.171329299519519,4.191180273978141,2.276275429614957,8.796854518832138,3.440844507257566
12,2,114,16.65076077812998,16.04905671215105,3.0674510461036766,0.6017040659789288,14.91835246331919,17.46403652762192,1.734299595023944,-2.5456840643027316,3.2610438646648023,2.0633867195560445
13,2,3,18.49277387277017,25.02229633394812,10.568031135042164,-6.529522461177951,14.049413234617568,16.968161323635364,4.650860045118917,-2.9187480890177966,7.947631087862639,3.6985653994566294
13,2,13,20.16537021859946,32.610959194826535,14.732784011725538,-12.445588976227075,21.981828240884,13.58757586946731,4.052333070564797,8.39425237141669,10.549893497996182,3.3629993911798497
13,2,25,24.95659463756515,37.603659597169546,15.891485551383456,-12.647064959604396,19.11475683793465,11.279172254779372,6.11592759013506,7.835584583155278,11.273884944906921,4.519960071439744
13,2,29,94.19984376701287,96.15602212797108,1.748779765490216,-1.9561783609582193,4.6685111413823535,5.033138808274558,1.228072809381091,-0.36462766689220416,2.4370985294986522,1.7795690990260666
13,2,33,20.551007181485623,22.99055392192703,8.02397103007373,-2.4395467404414077,17.6341476127744,20.137812767251724,1.3803745272114787,-2.503665154477325,6.358026091766957,1.8649575304231854
13,2,34,20.51884998427476,27.925002748194835,12.177917010450843,-7.406152763920076,18.09916668244404,16.76022760429712,2.929089460203058,1.3389390781469181,8.953536029218283,2.7332493704188314
13,2,35,63.5781120854075,49.450329593295784,14.53502631890934,14.127782492111713,1.977766810996525,10.400573234455095,7.10002513750172,-8.422806423458571,10.426328564957432,5.071697419569805
13,2,36,34.115780411653425,38.445006485357894,12.015014758039532,-4.3292260737044685,17.691033064657375,11.933785398786824,5.5826335298611856,5.757247665870551,8.851749819921364,4.2209670992731425
13,2,49,89.50992642268943,92.50249062263399,3.8050255584913706,-2.992564199944553,6.58320936583297,3.7047370987935873,1.8031643490110456,2.878472267039383,3.7219025242517234,2.1019959578842404
13,2,51,71.3828894764614,79.64706059680736,7.652482022347376,-8.264171120345964,21.64499300940713,23.76136828792156,2.4380963504564543,-2.116375278514429,6.125908626647648,2.4579725576205265
13,2,58,15.99250790650005,22.681489751166783,15.162209854473469,-6.688981844666733,14.311787412395875,13.30536681694671,6.388058965438448,1.006420595449164,10.818211633936285,4.6725313726838635
13,2,63,62.83244503940233,74.68842988939869,6.885358735344598,-11.85598484999636,24.314295670270337,21.178943835064732,2.0710028212823692,3.1353518352056042,5.646587007138942,2.2521604297027316
13,2,66,14.9274385746899,15.128861431398224,3.4555697252006494,-0.20142285670832472,13.584928849166,16.872608128488068,1.1636192693244134,-3.2876792793220684,3.503552046828313,1.7434330214963292
13,2,78,15.7585522977264,15.05956165604105,3.3231439888417578,0.6989906416853504,16.120802777688827,16.808128006585154,1.3325402320374076,-0.6873252288963272,3.4208084781065526,1.8381390841831409
13,2,86,65.591960546395,72.15797856700341,6.168307047734091,-6.566018020608411,19.04500294060005,19.287206191346392,1.809736843424863,-0.24220325074634275,5.198551623517908,2.105680847302147
13,2,87,75.22236512124877,66.40498675139425,11.124288556007144,8.817378369854524,11.421824151342928,13.785670293709689,3.685402131901401,-2.3638461423667607,8.295197394867088,3.157278420137142
13,2,105,64.4252724511907,68.11902480146236,3.148199399880472,-3.693752350271666,11.742895108603914,10.712753055076897,1.4666859152423701,1.0301420535270172,3.311497856038441,1.9133482783455007
13,2,107,67.92914865962737,69.19433253342902,2.693619322882799,-1.2651838738016465,10.209380580032068,12.05912945632008,1.2821674253234965,-1.8497488762880128,3.027462600696065,1.8098974135595614
13,2,108,66.91419695119404,70.03325370013224,2.5025224558680548,-3.119056748938192,11.52766858628333,13.216428051894775,1.8224324504508524,-1.6887594656114455,2.9080595512352354,2.112798678834361
14,2,2,20.89585714361514,27.75966819228799,18.010341234950697,-6.863811048672851,16.56761127473616,19.664828795024825,7.582853798165879,-3.097217520288666,12.597809475631013,5.3423968086180516
14,2,5,106.02724465602475,91.40240401117268,16.431332686101875,14.624840644852071,5.360247481788985,11.750876843278954,5.3186619091465905,-6.390629361489969,11.611197613267398,4.072970589796628
14,2,14,25.870520205273934,19.615976557918803,18.062470708688394,6.254543647355131,14.0049283108389,20.72657735208822,8.395317375286139,-6.72164904124932,12.630381533081799,5.797907037956707
14,2,15,17.2175256875071,24.77866026628877,16.557078795368284,-7.561134578781672,14.799912443472774,22.67685027737361,8.046802074104933,-7.876937833900836,11.68976755080115,5.602510851297151
14,2,30,93.48940821225624,93.48479796475681,1.860574697418584,0.00461024749942851,3.98125478783674,5.354678190175212,1.6089909920408942,-1.3734234023384722,2.5069513533310968,1.9931320618823667
14,2,39,93.89981601357904,92.74118971622292,2.122389943041153,1.1586262973561219,4.59171662750557,5.353346844482219,1.3464291271065798,-0.7616302169766493,2.6705413650933454,1.845925936365048
14,2,44,18.632969188112835,35.35965426932507,17.465976401457656,-16.726685081212235,15.479088510995524,13.768031057892632,8.916019962604135,1.7110574531028924,12.257674013685994,6.089840561681111
14,2,47,27.735522821141263,34.03359619599939,16.017567509578324,-6.298073374858124,22.732576075377967,18.793268856092993,3.6830124111002136,3.9393072192849736,11.352664730916175,3.155938615743618
14,2,54,17.02894957415735,17.24436049454242,5.9744365390400125,-0.21541092038506804,16.996076659902027,16.53295294461862,3.5776664202070676,0.46312371528340535,5.077415519613027,3.096876058574311
14,2,55,20.299274061488774,32.560732627960505,12.372577651897092,-12.261458566471731,18.06789415848285,17.687959029264757,7.284322999862041,0.3799351292180937,9.075165831746077,5.175024588829416
14,2,67,18.70656102176115,27.54997478097301,7.783928273254254,-8.84341375921186,16.475500264086424,21.408107972725617,4.477259833363245,-4.932607708639193,6.208040183504954,3.6012359012527235
14,2,76,67.1327722479398,58.53644249263995,11.205964304564088,8.596329755299848,10.775944631568295,15.85311480238496,3.8244766876181484,-5.0771701708166646,8.346230850292303,3.2352510019902856
14,2,82,69.86792006915198,69.27542892448614,2.1942057983401457,0.5924911446658427,12.97838453858875,11.17278146833271,0.9794686924812668,1.8056030702560406,2.7154140637215014,1.6401884283196295
14,2,84,73.50397660327812,71.66879902611745,3.3193564824577626,1.835177577160664,16.233276031999672,14.249861629133818,1.7463954712785152,1.9834144028658542,3.4184419306106877,2.070168310167529
14,2,94,68.81050163065262,66.99467282831012,1.3323888014060645,1.8158288023425087,12.446708860384476,10.671234147793687,0.723293964539801,1.775474712590789,2.1769249763877765,1.4965632710061314
14,2,103,50.1758077798978,35.93921959428284,14.68062396990231,14.236588185614963,1.09322872802545,9.065267945366465,8.572237439771486,-7.972039217341015,10.517302340689469,5.897097821910339
14,2,110,70.53891120146032,71.83448214880286,6.574884506864772,-1.29557094734254,15.518504087807024,18.55433323235816,4.443383557914496,-3.035829144551137,5.452593404634568,3.582243062147869
14,2,117,26.151753430429398,19.975625748118908,12.53665199227969,6.17612768231049,19.496886376894068,18.497080350752697,4.8921864085516855,0.9998060261413713,9.177684396733564,3.833865775065286
15,3,3,18.49277387277017,29.882913079023826,14.608481869538977,-11.390139206253657,14.049413234617568,17.980159219860703,5.380599952252328,-3.930745985243135,10.472225794367928,4.107696346143618
15,3,36,34.115780411653425,32.42469268680955,7.065306755614132,1.6910877248438752,17.691033064657375,17.415796450403686,4.413974039364489,0.2752366142536893,5.759023923035443,3.565754524179268
15,3,38,88.71483507879226,82.74627988273892,12.025831959363673,5.9685551960533445,4.810595951836794,8.059248307999479,4.73903119524825,-3.248652356162685,8.858508731487582,3.7479988287788655
15,3,41,86.1572725747117,66.1162166898255,10.362411648803084,20.04105588488619,24.46021001385732,23.895507806703414,2.8806048582226995,0.564702207153907,7.8191538706845005,2.7060663276469366
15,3,47,27.735522821141263,31.277568134352656,17.207612189730426,-3.5420453132113927,22.732576075377967,20.084139693135427,4.948151831061035,2.64843638224254,12.09624031132501,3.86524296311429
15,3,48,87.35859796967429,61.35667605688278,27.598403559356605,26.00192191279151,6.664549674421354,13.107686752213457,8.672675385039712,-6.443137077792103,18.58871815895456,5.953408668047704
15,3,49,89.50992642268943,74.61919849038259,24.69245256917981,14.890727932306845,6.58320936583297,8.852314068084947,7.512242489432768,-2.269104702251977,16.77299289233334,5.3028083589438815
15,3,50,85.67884501267451,72.58667475156679,8.230726727830401,13.092170261107725,26.033455616949,21.423648988507715,1.7203004046331916,4.609806628441284,6.487213247952221,2.0555380299593375
15,3,55,20.299274061488774,23.291467049976397,12.833363052172501,-2.9921929884876235,18.06789415848285,17.887870525330655,6.125998099794998,0.18002363315219583,9.363078359038676,4.525606133975883
15,3,57,43.50616172761773,42.91085350314906,8.482298627104822,0.5953082244686669,11.167872475426345,13.08481965131316,4.977432547695752,-1.9169471758868148,6.644402909935014,3.8816592878888168
15,3,60,77.430549346183,45.68057583754126,22.66794687287193,31.749973508641737,5.28813934914015,15.756730170170101,6.691932845449332,-10.468590821029952,15.508021061207868,4.84289920783581
15,3,67,18.70656102176115,22.090448328469314,12.022718664839843,-3.3838873067081643,16.475500264086424,18.323818929588292,6.205398722835515,-1.8483186655018677,8.856563451767292,4.570122340030329
15,3,71,26.760099448330866,23.39117496656646,18.96805199831078,3.368924481764406,17.253243737433966,17.69847607214997,5.4074740997390816,-0.4452323347160032,13.196215862051938,4.122763420446642
15,3,74,79.99719446748381,71.322939926665,2.9119580001216145,8.674254540818808,20.5842603804155,19.1782551729465,2.1939809042366067,1.4060052074690006,3.1638871495901446,2.3211084740798906
15,3,87,75.22236512124877,61.40424956913512,12.078999488868448,13.818115552113653,11.421824151342928,13.996007497060628,4.391329617712448,-2.5741833457176995,8.891729397290957,3.553058858809846
15,3,93,68.1554204717836,68.6282054116649,2.7464836903754155,-0.47278493988129355,9.81690258819314,11.826211611231292,1.4493475827381535,-2.0093090230381527,3.0604938417888317,1.9036274883461028
15,3,108,66.91419695119404,68.55949235547396,3.0464140541409575,-1.6452954042799206,11.52766858628333,13.178712834890238,2.071207056832203,-1.6510442486069081,3.2478993216324046,2.252274934998432
15,3,110,70.53891120146032,70.55093242637759,6.0215589741833755,-0.01202122491726243,15.518504087807024,18.272916953245264,4.035531782062471,-2.7544128654382405,5.10685902929497,3.3535796965690396
15,3,113,35.91462169927672,31.166493736015372,12.309937619236951,4.74812796326135,17.810556668787925,16.138426826044785,2.6136414833776356,1.6721298427431392,9.036026462091368,2.5563924819199464
16,3,2,20.89585714361514,34.29595903862665,15.685936841026265,-13.40010189501151,16.56761127473616,14.78945217417037,7.180733635747154,1.778159100565789,11.145451950620858,5.116946889922264
16,3,5,106.02724465602475,78.37419652381816,21.237022695741036,27.653048132206592,5.360247481788985,10.969947830875029,6.055235345536825,-5.609700349086044,14.613936752209362,4.485932775897451
16,3,8,98.04053105918149,96.81579636174185,1.7488505151764138,1.2247346974396436,4.160788629019243,5.154065586900248,0.7985345410430058,-0.9932769578810046,2.4371427360228743,1.5387471340415995
16,3,13,20.16537021859946,33.471765060189014,14.847855623181982,-13.306394841589555,21.981828240884,15.15609457816807,6.852033613637311,6.82573366271593,10.621793689396029,4.9326602010523795
16,3,14,25.870520205273934,16.460562021995408,14.995499176692508,9.409958183278526,14.0049283108389,15.496461215867342,4.560590638139312,-1.491532905028441,10.714045806334346,3.647955575910708
16,3,16,61.38960058864802,53.000864808531524,24.093037766860274,8.388735780116498,22.726212344024198,14.683459394968086,6.987244831270003,8.042752949056112,16.398460560082224,5.0084667904029185
16,3,22,22.28778242646885,27.734422944518958,18.138456171649445,-5.446640518050106,20.714414689313326,23.824199526576244,5.719672539290844,-3.109784837262918,12.677859527535482,4.29779844577473
16,3,29,94.19984376701287,94.63461267974733,1.7696449732309982,-0.4347689127344694,4.6685111413823535,4.9834685323233625,0.9941920916769917,-0.31495739094100905,2.450135736601011,1.6484431478334085
16,3,33,20.551007181485623,27.501492482373873,17.012698107037814,-6.95048530088825,17.6341476127744,23.762489939782295,4.169085074144701,-6.128342327007896,11.974452151111151,3.4284567648075144
16,3,34,20.51884998427476,33.87579415429501,15.40258996589811,-13.356944170020249,18.09916668244404,11.781579876143704,5.73358271519548,6.317586806300335,10.968408331465719,4.3055972291231726
16,3,37,33.62346313487976,55.72165184081363,19.989196122073185,-22.098188705933865,22.885255128649302,15.418100064623133,7.600227871577105,7.467155064026169,13.834257313075991,5.352137636868033
16,3,43,20.481919337918775,26.910223365000785,15.203576503425163,-6.42830402708201,19.09315793183945,22.94052488249775,2.9015367331771547,-3.8473669506583015,10.84405875591148,2.717801848388417
16,3,62,71.4438364158991,79.89039704876129,3.3587840245838656,-8.446560632862187,20.77736434766016,21.99620800823356,2.114676518409231,-1.2188436605733983,3.4430774405284867,2.2766462237180605
16,3,66,14.9274385746899,12.898010845487345,4.994724456688533,2.0294277292025544,13.584928849166,17.654706435660604,2.4245609100509418,-4.069777586494604,4.4652620497324325,2.4503838708942016
16,3,75,63.28835250491195,71.87665451304036,7.658898318918637,-8.588302008128416,18.9934879839535,21.697434347521586,1.9295006650565725,-2.703946363568086,6.129917721034289,2.1728268060801352
16,3,76,67.1327722479398,58.6798709676565,16.160493432505003,8.4529012802833,10.775944631568295,16.46830443443411,2.889525119756626,-5.6923598028658144,11.441969130883821,2.711067499996695
16,3,98,68.53814320899697,75.18181844189716,6.413581867548189,-6.643675232900193,19.49220034806418,15.675711158127507,3.246384695121631,3.8164891899366733,5.35180668153777,2.9111419299082133
16,3,106,61.0428787454959,66.89122333709496,1.5342172004848382,-5.848344591599059,11.43990210389649,11.614136449245073,1.412084525624508,-0.17423434534858373,2.3030334086937,1.8827358395760023
16,3,107,67.92914865962737,67.40887215241332,2.2146908138472683,0.5202765072140494,10.209380580032068,12.65277401171422,2.5654762396906627,-2.4433934316821517,2.728213715322352,2.529388488367682
17,3,6,102.31586665053233,98.69261751827405,12.715903163520311,3.6232491322582803,5.1165813362992765,6.969561945675037,4.087937351337116,-1.8529806093757601,9.289685900473048,3.382961041839343
17,3,7,100.54575565420733,98.63781215167086,3.2801103848106847,1.9079435025364688,4.83407354664049,5.589467162483901,2.50581613182793,-0.7553936158434107,3.393919792641063,2.4959398634936347
17,3,9,94.62319761567007,95.88093136588539,3.221025099402487,-1.2577337502153227,4.847187637262277,4.78103507479113,1.9881467091284653,0.06615256247114676,3.3570015356009937,2.205706892938526
17,3,20,93.87229119248633,95.15899142454234,2.210069364783031,-1.2867002320560061,4.1169070132174665,4.761923644209267,1.2256995232010148,-0.6450166309918002,2.725326095447583,1.7782385087539407
17,3,25,24.95659463756515,32.325180265952085,14.037220972414072,-7.368585628386935,19.11475683793465,15.881921960997696,5.964673103608663,3.2328348769369537,10.115284865822092,4.435158773527602
17,3,28,94.71421913113033,93.80972302154782,5.006863613428683,0.9044961095825101,4.434601146470383,6.547332561629254,3.67276658102631,-2.112731415158871,4.472846958660034,3.150194259272561
17,3,44,18.632969188112835,24.263208487137607,8.810245619560634,-5.6302392990247725,15.479088510995524,16.28879394724303,3.7474378649925213,-0.8097054362475049,6.849314019009924,3.1920589466780203
17,3,59,26.10144790045783,29.043866483681608,13.487930373179713,-2.942418583223777,17.146073295989,18.651164975466248,3.676973703985976,-1.5050916794772462,9.77207163782245,3.1525529958340277
17,3,65,19.528272492831448,27.729336695298038,9.377900292550567,-8.20106420246659,19.59261980698215,14.511815296365736,3.459868514974556,5.080804510616414,7.204001670641901,3.03083229693485
17,3,77,16.484240804319526,33.04583158007697,11.371160025727823,-16.561590775757445,16.613986733013075,13.958962706895505,3.136903206573684,2.6550240261175695,8.449450087598319,2.8497607931271967
17,3,80,46.453384160498565,41.40127527054226,16.00634837291247,5.052108889956308,4.944878573759263,8.71077554201453,6.514152558647125,-3.765896968255266,11.34565467810292,4.743226137566989
17,3,81,14.488534728757534,23.876512757535124,13.165719287169045,-9.38797802877759,14.601191023961066,14.492494298814261,6.3416677562602395,0.10869672514680495,9.570744494992885,4.646521997091959
17,3,83,71.7471677976817,70.10113591861564,1.6303221490834479,1.646031879066058,11.460708975733725,13.802110479303332,0.9134703822540786,-2.3414015035696067,2.3630826607312274,1.6031862705932403
17,3,92,17.822310010837665,24.520307696714017,11.417435594506497,-6.697997685876352,18.745286497855265,16.02753357652346,6.4546995464955454,2.7177529213318046,8.478364449796008,4.709893621546974
17,3,100,26.590473482268628,41.65358861249714,11.938967577610955,-15.06311513022851,17.3409152302523,14.30400690780582,3.5888819448392426,3.0369083224464806,8.804233262544368,3.103164077312903
17,3,112,69.86265452997606,73.06013993435504,7.036178903449625,-3.1974854043789804,15.447604729134476,11.416064752395075,2.762535354778978,4.031539976739401,5.740823968075333,2.6398702936263367
17,3,114,16.65076077812998,20.59602304879964,7.844801027485408,-3.9452622706696623,14.91835246331919,17.08868895302676,3.047920628035923,-2.170336489707571,6.24607530463396,2.799872433946166
17,3,115,16.65625431634737,25.637090899449465,13.096630751817086,-8.980836583102096,15.639161704669801,14.297811924569725,8.236132530398264,1.3413497801000762,9.527575907602232,5.70865955998468
17,3,117,26.151753430429398,29.452943857047565,14.550022873993939,-3.3011904266181666,19.496886376894068,15.535452581489505,8.521608770061677,3.961433795404563,10.435698862003537,5.868712700902984
18,3,12,61.933831883918,45.21334147005096,18.943356399790876,16.72049041386704,2.7615194056182433,11.65250972380134,5.8773263600950925,-8.890990318183098,13.180785311998443,4.386187550336434
18,3,15,17.2175256875071,22.015211030262186,11.684540876739907,-4.797685342755088,14.799912443472774,18.024519468307307,5.8179009079744795,-3.2246070248345333,8.645259834968932,4.352870485933426
18,3,17,99.8683907227732,98.80615012014952,8.112029571955665,1.0622406026236746,6.0320034789695995,5.8355382807946805,3.4933474890945124,0.19646519817491903,6.413047707746491,3.0496023878150558
18,3,19,96.78376589038817,96.16643942846181,1.0451347485914912,0.6173264619263534,7.355559882552597,4.464477875097893,0.19063757172259854,2.8910820074547035,1.9974400355206094,1.1979278090807397
18,3,24,63.332813736939954,47.56540512094638,18.96608276695415,15.767408615993574,1.82898508052785,10.317008987861168,6.9984128377404575,-8.488023907333318,13.194985427284749,5.0147281679364735
18,3,30,93.48940821225624,93.39675431175877,1.9941568150561126,0.09265390049746713,3.98125478783674,4.5125714676801625,0.39589009638141126,-0.5313166798434223,2.5904174637311463,1.3130032748770788
18,3,32,37.440819767292076,56.39164220065182,18.998707598896655,-18.950822433359747,25.156835357817474,18.390298536983398,3.8815045239576986,6.766536820834077,13.215370400010555,3.2672238356547676
18,3,39,93.89981601357904,92.55403879142929,3.4654133151787567,1.3457772221497493,4.59171662750557,4.929914571128936,1.0281606530657028,-0.3381979436233662,3.5097026168475343,1.6674877273372914
18,3,52,56.484914849706776,56.367879848493,17.77016754432916,0.11703500121377886,21.09007756483452,16.755930154527068,5.164285973216737,4.334147410307452,12.447741756005547,3.986419241576167
18,3,63,62.83244503940233,69.97465488739843,7.407176765859238,-7.142209847996099,24.314295670270337,20.601217856387898,2.760502843183069,3.713077813882439,5.972634550881692,2.6387307596838214
18,3,68,37.61040536196327,36.124584732567335,14.599026927389247,1.4858206293959313,22.542665474583867,10.135659892162087,6.16055575594397,12.40700558242178,10.466318063159198,4.544980991287787
18,3,70,16.3011911471622,24.60547149739626,13.266110713264293,-8.304280350234059,15.553481880829267,13.525414295911299,5.0943765121138105,2.0280675849179683,9.63347206663104,3.9472242849569334
18,3,79,29.124210888826802,32.94317235577469,13.326031053923737,-3.81896146694789,19.710073901690876,10.82725022114268,5.75378306678969,8.882823680548196,9.670912091217719,4.3169226190194365
18,3,82,69.86792006915198,68.0710991654774,1.6048299086405746,1.796820903674572,12.97838453858875,11.867285274765024,0.7085250300744483,1.1110992638237267,2.3471543449298338,1.4882830220019294
18,3,84,73.50397660327812,71.4477526725143,2.281916983945785,2.056223930763821,16.233276031999672,14.80948167186815,1.7429210410568432,1.423794360131522,2.770218641089743,2.0682203600665474
18,3,94,68.81050163065262,67.26227347262468,1.7100624428266056,1.5482281580279391,12.446708860384476,11.209312836901214,0.814595458278026,1.237396023483262,2.412906785985467,1.547751737200604
18,3,99,76.35579220454977,69.01570579203742,7.707366665732075,7.340086412512349,10.67473266747813,14.007999060620108,2.4934463450095943,-3.3332663931419777,6.160202196663096,2.4890047040733663
18,3,101,15.04936161152886,19.957808155190946,12.193614951695004,-4.908446543662086,16.756088065827463,15.793285408344767,1.8773662872980945,0.9628026574826958,8.963344573356608,2.14359750517613
18,3,103,50.1758077798978,32.076970946335386,13.525303512072895,18.098836833562416,1.09322872802545,11.717101854085675,6.935506592575192,-10.623873126060225,9.795423495032253,4.979459586096008
19,3,1,59.38278865114611,47.27724868710526,17.850497584646213,12.105539964040844,10.058174687361719,7.928312820826517,6.651431565545313,2.129861866535202,12.497934372593175,4.820192039395128
19,3,21,91.92165931955867,94.39967915119465,1.8578601178243996,-2.478019831635976,4.122110394865796,4.357739169222664,0.7202812798991841,-0.2356287743568677,2.505255202647869,1.4948742000000974
19,3,23,23.16444205795815,34.249174610822365,14.233770056158471,-11.084732552864214,17.8525156358467,13.668245208769406,6.34714826633945,4.184270427077294,10.23809462369218,4.649594662099199
19,3,27,41.95254310380097,61.48664084087564,17.776470689235584,-19.534097737074667,21.849868675161133,17.911681602005455,5.494450494435618,3.938187073155678,12.451680149840977,4.171527006422638
19,3,35,63.5781120854075,44.026069001771745,13.457443372154014,19.552043083635752,1.977766810996525,11.583469348169311,6.307546340851728,-9.605702537172785,9.753022445921761,4.627391719506862
19,3,46,35.62523389249657,38.58464962126582,8.65967044401095,-2.959415728769251,17.987320114985366,14.435059799144906,4.7151336913280515,3.55226031584046,6.755230136764252,3.7346006189417
19,3,51,71.3828894764614,77.22483400517277,5.002149068361575,-5.841944528711366,21.64499300940713,25.066063845486944,2.1252331562606304,-3.4210708360798137,4.469901169612694,2.2825648355354415
19,3,54,17.02894957415735,18.12082925573017,5.290292693300098,-1.0918796815728165,16.996076659902027,15.633388079720792,2.9487369448190237,1.362688580181235,4.649941941802343,2.744264793725643
19,3,58,15.99250790650005,24.798602382846358,13.673942804920397,-8.806094476346308,14.311787412395875,15.955847770075508,6.499134425431297,-1.644060357679633,9.888297779749456,4.734806174508918
19,3,61,78.60220609535597,76.86391834593836,5.97154658856461,1.7382877494176086,17.989211690166634,18.3612152087178,4.007391296257065,-0.37200351855116764,5.075609791947553,3.3378026457523675
19,3,72,71.7661995486084,73.27696210633059,5.667121516721194,-1.5107625577221881,14.581765487729701,14.741903911455903,4.41735189618483,-0.16013842372620246,4.88539588379577,3.56764833010268
19,3,78,15.7585522977264,14.105238049621656,5.69519886295625,1.6533142481047438,16.120802777688827,15.866639233335041,2.870582926270552,0.2541635443537853,4.902939451168722,2.700447500353632
19,3,85,74.59685990483652,71.31681737785706,3.0637280283956794,3.2800425269794573,20.950188488929776,17.228011109225466,4.2026466282784,3.722177379704309,3.258717611626351,3.447273154429052
19,3,86,65.591960546395,69.80126858770873,4.515705019931795,-4.209308041313733,19.04500294060005,17.19354949529064,3.55041166191521,1.85145344530941,4.165956349993511,3.0815955936406123
19,3,91,48.83200749593603,44.165922887813906,9.919728844391404,4.6660846081221266,1.8618713309090102,5.378623346938263,5.468991184112077,-3.516752016029253,7.542552387801223,4.157253164971941
19,3,102,17.088880431403968,27.8654128837445,11.523495395671052,-10.776532452340533,18.899387459468134,11.948509502428607,7.259909917864027,6.950877957039527,8.544633792052048,5.1613373185407045
19,3,104,21.4725090184733,23.44455506290398,10.942575992548484,-1.9720460444306802,20.378480371159398,16.17170701811534,6.167764666400883,4.206773353044056,8.181657939504722,4.549022689337994
19,3,105,64.4252724511907,67.96741029665895,2.8076901843567956,-3.542137845468261,11.742895108603914,10.919468487484473,1.4572785994255606,0.8234266211194416,3.09873749351557,1.9080740374984653
