n,draw,R2_Strength,RMSE_Strength,R2_Toughness,RMSE_Toughness
20,0,0.03615316340279051,24.869087624902214,-1.014581132632033,9.238182769046894
20,1,0.6943886769176977,14.003627823071307,0.1606952679164142,5.962851652436743
20,2,-0.2856022329529473,28.72163431376756,0.27156398858756947,5.555074309598874
20,3,-0.11878551910980573,26.793488216123627,-0.13244186238622735,6.926313210775412
20,4,0.3805073625829172,19.93764752953071,0.2267090566497163,5.723551974040671
20,5,0.4065334138619183,19.51434484826695,-0.06475641576042945,6.7161332145228805
20,6,0.43229547918410116,19.086092123566573,-0.6464276315292303,8.351519356646191
20,7,0.3350757819290259,20.655795012124383,-0.3192381530329953,7.475767228734089
20,8,-0.15617853979301421,27.237565736540144,-0.6350550636463188,8.32262564716092
20,9,0.4535982955430228,18.724570386313253,-0.03070768770389387,6.607876638847931
30,0,0.47905611102460066,18.283162248748045,-0.23213724820355996,7.224764783465385
30,1,0.881114685641337,8.734135890544113,-0.12503654237062967,6.903629621030486
30,2,0.5288067260741257,17.38823018027783,0.09864630016250242,6.179335734265176
30,3,0.29363068204369636,21.289808392081518,-0.2212067743180477,7.192647410589417
30,4,0.24838641812711137,21.96105244352902,0.1727916682531202,5.9197261843746265
30,5,0.4180962436193133,19.323305484582825,-1.6805781649182938,10.656348298451023
30,6,0.2904416527313014,21.337812576377132,-0.1680257563330123,7.034291780376563
30,7,0.4712239626689887,18.420088919343456,-0.051682797081867404,6.674773821502123
30,8,0.7512248756364698,12.634536529408969,-0.3412123089729002,7.537770911918248
30,9,0.5460746884509277,17.06664046681196,-2.013859873637786,11.299408173963688
40,0,0.7531799401800217,12.584792696356931,-0.7164079657904638,8.527160347548685
40,1,0.7416441910616378,12.875525246974435,-0.5978277791613855,8.227334458399929
40,2,0.5807676273597522,16.401487786348206,-0.49568525865080004,7.960022138888116
40,3,0.3939253573675948,19.72054424747994,0.23359620062731457,5.698007197612949
40,4,0.7032225904156222,13.79975129012332,-0.1921400494468728,7.106533506938388
40,5,0.7417398480730181,12.873141425423613,-0.6420413511681766,8.340387213553552
40,6,0.24289290452588086,22.041162556498822,-1.082038769112176,9.39157811315188
40,7,0.8004291876205609,11.316297386676748,0.31923246702011565,5.370238658870719
40,8,0.6876564559170432,14.157028498078363,0.4772027504461791,4.706096367106454
40,9,0.7212443681302295,13.374195417496564,0.7426749261140927,3.3016818477992276
50,0,0.911752109214618,7.5250260281340875,0.20736738022199364,5.794689095517343
50,1,0.785646021544515,11.72793671058253,0.2908696088624604,5.480967389388356
50,2,0.7442723162098721,12.809869692572352,0.39100717828672427,5.079257794840092
50,3,0.8709967265672072,9.098215193661648,0.39833523797404435,5.048605746998264
50,4,0.9134838868130328,7.450824594424297,0.3576219398189294,5.216623804001501
50,5,0.6229768809110111,15.553918908042714,-0.1196695931180436,6.887143168233554
50,6,0.32663307422179855,20.786517243964475,-0.9374501230412458,9.059608581493992
50,7,0.8286164266826572,10.48673844454801,0.7552820719771877,3.2197864058254337
50,8,0.8231819654588983,10.651704722006011,0.12779479634116164,6.078599159184946
50,9,0.6853048368765242,14.210222344815953,0.5434470998210856,4.39784300651427
60,0,0.9172222219408223,7.28807312991913,0.2863536366399879,5.498391980653572
60,1,0.6355882624882365,15.291567912825974,0.3766841064279881,5.138640901756729
60,2,0.83996220161814,10.13367853976384,-0.29066270552940177,7.394359298251487
60,3,0.7562797265796923,12.505517483478796,-0.2591290497903125,7.303470692703314
60,4,0.8132231875869255,10.947559620836556,0.2950455160513664,5.464805477165203
60,5,0.9503626584079756,5.643650311783032,0.739803407088053,3.3200526563907604
60,6,0.9369103613542887,6.3626034899852515,0.47839242462226306,4.700738735581113
60,7,0.9648758231679244,4.747433793109665,0.2421453849854206,5.66613762342753
60,8,0.8706020549182626,9.112122070860057,0.7146613518003391,3.476758048437464
60,9,0.8217491498008165,10.694774807759632,0.46990138971466333,4.7388449776503725
70,0,0.9138895968072601,7.433334059404391,0.6853247419450859,3.6511146237405527
70,1,0.8913874771644259,8.348256612861688,0.4927920414740815,4.635399810341652
70,2,0.8749994836683737,8.955951702344745,0.7123093023301295,3.491058116545325
70,3,0.8875430334554636,8.494719085905897,0.5725932662175774,4.255149753904825
70,4,0.9632547889917844,4.855748807819181,0.6316834435157992,3.9500699805104347
70,5,0.8297695041332418,10.451401250203855,0.46275697366284596,4.770672044428209
70,6,0.9629234031506205,4.877595392169522,-0.32624611628032807,7.495597048911216
70,7,0.9612041984755189,4.989398634131822,0.7874196088140094,3.0009293420048517
70,8,0.9103522893966196,7.584473547321823,-0.16201775995394652,7.016177245872101
70,9,0.8780503405479188,8.84598371099264,-0.1191363121763882,6.885502854143192
80,0,0.9452128663547079,5.929186746867825,0.7778549108838697,3.0676974647232798
80,1,0.919561194386705,7.184369261993117,0.6597472872770636,3.7966010818946136
80,2,0.8998551426655522,8.01622992796041,0.7265113901798037,3.4037980943569504
80,3,0.8560710136860453,9.61014571431955,0.7216349283989979,3.4340098708373787
80,4,0.8284625179341663,10.491446126162776,0.28137907184779865,5.517522329111803
80,5,0.9365344076476714,6.381532837364311,0.7626014180038194,3.1712700735685857
80,6,0.9163669182740486,7.325628476766453,0.7222580935665754,3.430163924351228
80,7,0.9067928921871488,7.733575958165904,0.5213469965803107,4.5030271260372485
80,8,0.9747547419384283,4.024813366601807,0.6889623219418421,3.6299502222279183
80,9,0.9401147252881115,6.198917585551983,0.7005373865755717,3.5617667402767843
90,0,0.9782196194760042,3.7384241272580594,0.6850840213089948,3.65251087366999
90,1,0.9237137398763623,6.996470408318086,0.8019462045418608,2.896581507727894
90,2,0.943440029578663,6.024353202256476,0.748259156589332,3.2656603283986603
90,3,0.9833510314669713,3.268507648876643,0.7269661051655818,3.400967260045013
90,4,0.9299876830426266,6.702596331717787,0.7373697220913622,3.335543168019178
90,5,0.8961849759895015,8.16179991196869,0.45430416588497513,4.808055677248632
90,6,0.9504786201442829,5.637054167206379,0.7162833302655847,3.4668623271957815
90,7,0.9601812540232054,5.054749391584312,0.8051937802191704,2.8727350845620334
90,8,0.9525139779691577,5.51999563389271,0.6398099386989058,3.9062499719343324
90,9,0.9645498834004155,4.769410169340379,0.7808728581750823,3.046788137377968
94,0,0.9710800038226031,4.30779427740457,0.7084610356316507,3.5143294534212965
94,1,0.9710800038226031,4.30779427740457,0.7084610356316507,3.5143294534212965
94,2,0.9710800038226031,4.30779427740457,0.7084610356316507,3.5143294534212965
94,3,0.9710800038226031,4.30779427740457,0.7084610356316507,3.5143294534212965
94,4,0.9710800038226031,4.30779427740457,0.7084610356316507,3.5143294534212965
94,5,0.9710800038226031,4.30779427740457,0.7084610356316507,3.5143294534212965
94,6,0.9710800038226031,4.30779427740457,0.7084610356316507,3.5143294534212965
94,7,0.9710800038226031,4.30779427740457,0.7084610356316507,3.5143294534212965
94,8,0.9710800038226031,4.30779427740457,0.7084610356316507,3.5143294534212965
94,9,0.9710800038226031,4.30779427740457,0.7084610356316507,3.5143294534212965
