kappa,L0Bar,L0Y,mu_Strength,sigma_uc_Strength,sigma_cal_Strength,mu_Toughness,sigma_uc_Toughness,sigma_cal_Toughness,p_Bar_dominant,p_Balanced,p_Y_dominant,p_Expanded,type,type_name,feasible,lcb_Strength,lcb_Toughness
0.0,1.0,2.120000000000001,102.80253183509835,5.246260802401177,4.62242949678433,5.109146937693673,1.736984826528689,2.0648922029438523,0.08323088254564602,0.0096067511766902,0.737691088855238,0.1694712774224257,3,Y-dominant,True,102.80253183509835,5.109146937693673
0.0,1.04,2.120000000000001,102.55155723874535,5.001009278364838,4.469188994664556,5.137739244158206,2.0214538168501703,2.2243806263884567,0.08459825286478116,0.008487912068113218,0.7653381881264459,0.1415756469406597,3,Y-dominant,True,102.55155723874535,5.137739244158206
0.0,1.0,2.100000000000001,102.27980539060557,6.694891911541882,5.527577627558648,5.4127378525185375,2.781401483060362,2.650447647076009,0.08272392188576999,0.009014735670313198,0.7479400851870983,0.16032125725681845,3,Y-dominant,True,102.27980539060557,5.4127378525185375
0.0,1.02,2.100000000000001,102.04765366465485,7.070282693655861,5.762133038246969,5.462407048851093,2.9406406078112908,2.739725557221938,0.08343027193536057,0.008445736796169272,0.7625543849799112,0.1455696062885589,3,Y-dominant,True,102.04765366465485,5.462407048851093
0.0,1.04,2.100000000000001,101.5935926828077,7.451341696876691,6.0002301233528215,5.561541069388187,3.123530508197994,2.842263348225632,0.08410465996359794,0.007923139868035663,0.7764577852775723,0.1315144148907942,3,Y-dominant,True,101.5935926828077,5.561541069388187
0.0,1.0,2.080000000000001,101.45987717326484,10.021291581615618,7.606011829735582,5.756720337862179,3.5978893379868215,3.1082141002726273,0.08226278389312039,0.008479386867775541,0.7585049226888141,0.15075290655029,3,Y-dominant,True,101.45987717326484,5.756720337862179
0.0,1.02,2.080000000000001,101.07385764455589,10.319497238846354,7.792339661248768,5.850550121024949,3.7193503712223275,3.1763116060105685,0.08297040662475431,0.007922528064042693,0.7735387103190768,0.13556835499212616,3,Y-dominant,True,101.07385764455589,5.850550121024949
0.0,1.0,2.060000000000001,100.74208794509752,12.037276423709443,8.865659575788056,6.063973724333349,3.978070632150461,3.3213639243035855,0.08182592364199202,0.007996371343132476,0.7691547073946624,0.1410229976202131,3,Y-dominant,True,100.74208794509752,6.063973724333349
0.0,1.02,2.060000000000001,100.14293478759615,12.215618216820744,8.97709287281934,6.240862296092866,4.0155900949952485,3.342399327743662,0.08252266160345043,0.007449918001943907,0.7845011404051508,0.12552627998945487,3,Y-dominant,True,100.14293478759615,6.240862296092866
0.0,1.0,2.040000000000001,99.91306812708646,13.280167746685583,9.642255322385543,6.458236418577196,4.093648294914054,3.3861629001031828,0.08139438163984715,0.007562165757818408,0.7796566207091753,0.13138683189315917,3,Y-dominant,True,99.91306812708646,6.458236418577196
0.0,1.04,2.060000000000001,99.13340726698844,12.411754122732006,9.099644464796826,6.578163323507363,4.0059709514480195,3.3370063250212874,0.0831710261201406,0.0069493995100689265,0.7988741046142643,0.11100546975552611,3,Y-dominant,True,99.13340726698844,6.578163323507363
0.0,1.02,2.040000000000001,98.92457926065816,13.442334133030146,9.743581740510912,6.843246294509053,4.078512181547713,3.3776767911070897,0.08206650815969771,0.007024512808449814,0.7951797521183038,0.11572922691354859,3,Y-dominant,True,98.92457926065816,6.843246294509053
0.0,1.0,2.020000000000001,98.6663879609185,14.103684619801932,10.156813344547949,7.181828253918224,4.268115080945179,3.483978245867603,0.08095390022946632,0.00717412277602508,0.7897954843414169,0.12207649265309167,3,Y-dominant,True,98.6663879609185,7.181828253918224
0.0,1.06,2.060000000000001,97.44835097433334,12.73245084601934,9.300025388413168,7.216475071282952,3.9426814982116793,3.301522896384909,0.0837462945078713,0.006491067773853648,0.8119355853103689,0.09782705240790619,3,Y-dominant,True,97.44835097433334,7.216475071282952
0.0,1.04,2.040000000000001,97.27057767579024,13.746165999784314,9.933424996345268,7.536957859189739,4.052016185007661,3.362821728307482,0.082680048287859,0.006532804699048772,0.8095499417367038,0.10123720527638838,3,Y-dominant,True,97.27057767579024,7.536957859189739
0.0,1.02,2.020000000000001,96.99292465623272,14.499235789286681,10.403965569448802,7.9402666523038805,4.330376275907995,3.5188851783074964,0.08158862963171104,0.006643944461527052,0.8053514721698287,0.10641595373693319,3,Y-dominant,True,96.99292465623272,7.9402666523038805
0.0,1.0,2.000000000000001,96.57023047320502,15.315423874547731,10.913944345324003,8.412206426678967,4.75076969188386,3.7545800533963796,0.08049586185122255,0.006830419548170751,0.7993826672957299,0.11329105130487672,3,Y-dominant,True,96.57023047320502,8.412206426678967
0.0,1.06,2.040000000000001,94.49403259716766,14.40190053110712,10.343147583114154,8.739830366139552,4.038307910199982,3.3551361414364798,0.0832158334615194,0.006083702427281159,0.8224467644788499,0.0882536996323496,3,Y-dominant,True,94.49403259716766,8.739830366139552
0.0,1.04,2.020000000000001,94.23254731236327,15.291798398473988,10.89918243984519,9.176438253322797,4.394612532596687,3.554899435241739,0.08215314267344132,0.006159882472917083,0.8195336960065146,0.092153278847127,3,Y-dominant,True,94.23254731236327,9.176438253322797
0.0,1.02,2.000000000000001,93.75916427407753,16.337895291679402,11.552815129022607,9.669212082609238,4.826431249003562,3.796999940522734,0.08108425068340293,0.0063067971391227015,0.8148461219398943,0.09776283023758012,3,Y-dominant,True,93.75916427407753,9.669212082609238
0.0,1.0,1.9800000000000009,92.87607762358948,17.884990024703427,12.519486282839084,10.167246222362637,5.1627628633788705,3.9855653053123237,0.08001674499981769,0.006529913937812203,0.8082489040139527,0.10520443704841738,3,Y-dominant,True,92.87607762358948,10.167246222362637
0.0,1.08,2.040000000000001,89.77985253900634,15.491460643677577,11.023937394292796,10.695747130038951,4.098426632138796,3.38884188971748,0.08366099105764886,0.005674706575289225,0.8335431924293241,0.07712110993773783,3,Y-dominant,True,89.77985253900634,10.695747130038951
0.0,1.06,2.020000000000001,89.59848190006802,16.433802865427406,11.61274105533838,11.106754751632682,4.434340546068862,3.5771730694543913,0.08263546707388064,0.005719054849755215,0.8320444353655376,0.07960104271082652,3,Y-dominant,True,89.59848190006802,11.106754751632682
0.0,1.04,2.000000000000001,89.10250960976418,17.56202839677671,12.317690178927508,11.567613505848602,4.769206029389778,3.7649164433121616,0.08159003812644636,0.005829638513995639,0.8286713509264232,0.08390897243313478,3,Y-dominant,True,89.10250960976418,11.567613505848602
0.0,1.02,1.9800000000000009,88.06954920561903,19.081783883325876,13.267278952221192,12.039361677092469,4.962675787696832,3.873385864537054,0.08055644828321185,0.006012424030760008,0.823538233967842,0.08989289371818619,3,Y-dominant,True,88.06954920561903,12.039361677092469
0.0,1.0,1.9600000000000009,86.36476280219205,21.002466482427117,14.467379000754933,12.508134399365243,4.976076698815039,3.8808991270003848,0.07951629790083585,0.006271963376407504,0.8162198416128831,0.09799189710987358,3,Y-dominant,True,86.36476280219205,12.508134399365243
0.0,1.08,2.020000000000001,81.88920533856862,17.058228510374565,12.00290091160899,13.91211587872892,4.29730367084443,3.5003429195015965,0.08303347256344587,0.005319455733245823,0.8425863440110749,0.06906072769223338,3,Y-dominant,True,81.88920533856862,13.91211587872892
0.0,1.06,2.000000000000001,81.45971411095056,18.047292897784285,12.620897981967637,14.281357884453445,4.430016349940122,3.574748695456865,0.08201006375122992,0.00539655393768379,0.8405821036409357,0.0720112786701506,3,Y-dominant,True,81.45971411095056,14.281357884453445
0.0,1.04,1.9800000000000009,80.34375090853567,19.33854562729855,13.427711384705042,14.677413254292883,4.439014988850844,3.5797938103264904,0.08100170086771417,0.005541946995206324,0.8368819208873259,0.07657443124975362,3,Y-dominant,True,80.34375090853567,14.677413254292883
0.0,1.4800000000000004,1.0,80.12438574781332,6.111179291177625,5.162856489169254,23.87988206779835,2.6404337541896106,2.571413651810815,0.6263512957907901,0.026052651065528974,0.2055300344244526,0.1420660187192283,1,Bar-dominant,True,80.12438574781332,23.87988206779835
0.0,1.4600000000000004,1.0,80.07860540785336,6.5343185112070765,5.427246554832106,24.133814656008756,2.4895826890201005,2.4868385333360905,0.6344890562314524,0.02609096471023772,0.20623811565399902,0.1331818634043109,1,Bar-dominant,True,80.07860540785336,24.133814656008756
1.0,1.06,2.140000000000001,102.40601276943876,4.941193566118379,4.431814345045902,4.881380867972398,1.2451396715877854,1.7891376883595327,0.08576418770879055,0.008603485251905007,0.7669632318443247,0.13866909519497977,3,Y-dominant,True,97.97419842439285,3.0922431796128653
1.0,1.04,2.140000000000001,102.53792781850436,5.29489385357958,4.652816884636366,4.8859678110909925,1.1337069501129813,1.7266625867743874,0.08514857754033278,0.009111241205296048,0.7546807440282993,0.15105943722607185,3,Y-dominant,True,97.88511093386799,3.159305224316605
1.0,1.02,2.140000000000001,102.53217649133303,5.406484340788952,4.72254196528141,4.910509219065327,1.0470642637931444,1.6780860954368266,0.08448588047433132,0.009662054240966198,0.7415830466682473,0.1642690186164552,3,Y-dominant,True,97.80963452605162,3.2324231236285
1.0,1.08,2.140000000000001,102.04336838235739,4.234553706529782,3.9902845836032874,4.915190132650066,1.370137887992223,1.8592183268333486,0.08630650490230073,0.008135335590067941,0.7781443985871546,0.1274137609204768,3,Y-dominant,True,98.0530837987541,3.0559718058167173
1.0,1.0,2.140000000000001,102.44930336970197,5.389117064144005,4.711690370356642,4.945209800627102,0.9988818668510412,1.6510724848587675,0.08380522074913097,0.010260413415763019,0.7279649069559038,0.17796945887920224,3,Y-dominant,True,97.73761299934532,3.2941373157683342
1.0,1.1400000000000001,2.160000000000001,99.49631972147935,1.696890843123838,2.4046767757537113,4.97267278623668,1.036184411365077,1.6719862723626089,0.0880728220212989,0.007569007213250635,0.7930282285119842,0.11132994225346632,3,Y-dominant,True,97.09164294572564,3.3006865138740715
1.0,1.08,2.220000000000001,98.98632402000257,2.537957304702717,2.930200306728185,5.035992361563698,1.0428217905685604,1.6757075396394787,0.08954279300268694,0.011194762680639951,0.7420656237110206,0.15719682060565252,3,Y-dominant,True,96.05612371327439,3.3602848219242194
1.0,1.06,2.220000000000001,98.97390646807017,2.361966130540816,2.8202357468617922,5.066162666691374,1.1196023539377684,1.718754801097062,0.08895945587335825,0.0117276582650379,0.7314654782818625,0.16784740757974134,3,Y-dominant,True,96.15367072120837,3.3474078655943122
1.0,1.2800000000000002,2.3800000000000012,93.22070705247424,1.0251560298439832,1.9849567333082887,5.074026946695468,0.3829443133896902,1.3057451814122263,0.10508489670798929,0.01615568593479951,0.7708640280114473,0.10789538934576391,3,Y-dominant,True,91.23575031916594,3.768281765283241
1.0,1.04,2.220000000000001,98.9615396479166,2.2199425459397273,2.7314951549220003,5.076308457668901,1.1857910126371591,1.7558636782859218,0.08835058254481393,0.012304818301634091,0.7203236452399446,0.17902095391360737,3,Y-dominant,True,96.2300444929946,3.320444779382979
1.0,1.1,2.240000000000001,98.12581003448413,1.9945910148586854,2.590688764780255,5.091699900577771,1.0353390571553762,1.6715123218979024,0.09121005202157047,0.011645110803243807,0.7452996020324519,0.1518452351427338,3,Y-dominant,True,95.53512126970388,3.4201875786798683
1.0,1.2600000000000002,2.3800000000000012,93.41284089556748,1.1913881317534012,2.0888235323633277,5.098716206211684,0.47058390872001077,1.354880592884527,0.10428724041469899,0.016435724985711657,0.7629622060866013,0.11631482851298812,3,Y-dominant,True,91.32401736320416,3.743835613327157
1.0,1.0,2.120000000000001,102.80253183509835,5.246260802401177,4.62242949678433,5.109146937693673,1.736984826528689,2.0648922029438523,0.08323088254564602,0.0096067511766902,0.737691088855238,0.1694712774224257,3,Y-dominant,True,98.18010233831401,3.0442547347498206
1.0,1.08,2.240000000000001,98.15459324412993,1.846617318696777,2.4982303648193653,5.120612532569934,1.1069635134346636,1.711668795892312,0.09064487626490883,0.01215437586068731,0.7353889214443071,0.16181182643009676,3,Y-dominant,True,95.65636287931056,3.4089437366776223
1.0,1.06,2.240000000000001,98.18266827955696,1.7090561044540085,2.4122779956114817,5.126482803696332,1.1614821606276597,1.7422348448641776,0.09006099513570591,0.012708040876284441,0.7249946282864741,0.17223633570153554,3,Y-dominant,True,95.77039028394549,3.3842479588321543
1.0,1.1,2.260000000000001,97.36250900829833,1.530370494875906,2.3006298717479625,5.150544970085237,1.0651218425126494,1.688210133061968,0.09242162797489444,0.012668504459538918,0.7392484040372432,0.15566146352832344,3,Y-dominant,True,95.06187913655037,3.4623348370232687
1.0,1.08,2.260000000000001,97.42752281821068,1.367372275518132,2.1987836994268757,5.153243562661205,1.1029888840561126,1.7094404075795988,0.09185952197851023,0.013200597581331332,0.7295398610219435,0.16540001941821497,3,Y-dominant,True,95.2287391187838,3.4438031550816066
1.0,1.3000000000000003,2.4000000000000012,92.71603922311698,1.1007671861822947,2.0322008497665527,5.172038103925191,0.3761103155262325,1.301913679272626,0.10669833561530848,0.017064257423326623,0.7685176681785973,0.10771973878276754,3,Y-dominant,True,90.68383837335043,3.870124424652565
1.0,1.2800000000000002,2.4000000000000012,92.93574561544693,1.150727892199776,2.06341779615031,5.176541907336176,0.4430965850434981,1.3394697394451969,0.10584917106576279,0.01733729617260346,0.7606162507441824,0.11619728201745134,3,Y-dominant,True,90.87232781929663,3.8370721678909794
1.0,1.1800000000000002,2.180000000000001,96.50693930053095,1.2327127655606598,2.1146444020171353,5.236858596419802,0.7519557459463336,1.5126325878215627,0.08941247839332023,0.007603918631852967,0.7953267687797998,0.10765683419502697,3,Y-dominant,True,94.39229489851381,3.7242260085982393
1.0,1.3000000000000003,2.4200000000000013,92.47100697461278,1.1819265750039736,2.082911668154475,5.273801768351495,0.4291543908598661,1.3316530049491344,0.10735194079978846,0.01824674722446518,0.7575585063166443,0.116842805659102,3,Y-dominant,True,90.3880953064583,3.9421487634023604
1.0,1.3200000000000003,2.4200000000000013,92.21989554050255,1.2386932596433629,2.1183811939484345,5.283360925707969,0.40272999354665023,1.3168380844785554,0.10825553846895405,0.017975436892929398,0.7654839209719042,0.10828510366621229,3,Y-dominant,True,90.10151434655411,3.9665228412294136
1.0,1.3200000000000003,2.4400000000000013,92.01335922149096,1.282106499273099,2.1455070871132045,5.384547521085957,0.4394735034761757,1.3374384475053254,0.10881227002469367,0.01915674262425673,0.7539489034751734,0.11808208387587615,3,Y-dominant,True,89.86785213437776,4.047109073580632
1.0,1.1600000000000001,2.160000000000001,97.33463275861693,1.6075828162100505,2.3488744440806686,5.5356927433906105,1.3100320756156218,1.8255198163385216,0.0882182625925157,0.007230867403088939,0.7980124618516777,0.10653840815271762,3,Y-dominant,True,94.98575831453627,3.710172927052089
1.0,1.1800000000000002,2.160000000000001,93.54214791706428,3.9505887131489437,3.8128547456395894,6.70316255901263,1.9821055560067389,2.2023199016672352,0.08821175577629181,0.006925196606828418,0.8005465927618163,0.10431645485506351,3,Y-dominant,True,89.7292931714247,4.500842657345395
1.0,1.1400000000000001,2.120000000000001,94.19789998793068,8.474962490309135,6.6398190718096135,7.5049241571195875,3.392422051826554,2.993018227773101,0.08658167973667091,0.00638451482550934,0.8120927816229604,0.09494102381485937,3,Y-dominant,True,87.55808091612107,4.5119059293464865
1.0,1.12,2.100000000000001,94.37925434179543,10.638592057148575,7.991719666623187,7.815725357242928,3.710599752745963,3.171405544568218,0.08589988044631766,0.006222299699643898,0.8178668462043277,0.09001097364971071,3,Y-dominant,True,86.38753467517225,4.64431981267471
1.0,1.1,2.080000000000001,94.55564077759048,12.15640678440207,8.940095795346645,8.088691737394182,3.7988970624200498,3.2209097056312763,0.08513088271730374,0.006119089422322363,0.8218263176985642,0.08692371016180973,3,Y-dominant,True,85.61554498224383,4.867782031762905
1.0,1.08,2.060000000000001,94.60859444440342,13.367807613168685,9.697015337428672,8.382325133330095,3.8547140228211405,3.2522036579379208,0.08422756521713899,0.006072003374281545,0.823334822432011,0.08636560897656849,3,Y-dominant,True,84.91157910697476,5.1301214753921744
1.0,1.0,2.000000000000001,96.57023047320502,15.315423874547731,10.913944345324003,8.412206426678967,4.75076969188386,3.7545800533963796,0.08049586185122255,0.006830419548170751,0.7993826672957299,0.11329105130487672,3,Y-dominant,True,85.65628612788102,4.6576263732825876
1.0,1.06,2.040000000000001,94.49403259716766,14.40190053110712,10.343147583114154,8.739830366139552,4.038307910199982,3.3551361414364798,0.0832158334615194,0.006083702427281159,0.8224467644788499,0.0882536996323496,3,Y-dominant,True,84.1508850140535,5.384694224703072
1.0,1.2000000000000002,2.160000000000001,87.10310230488898,7.862161366806911,6.256922564911138,8.837311624611953,3.0975761995233517,2.827711984411125,0.08800395280019682,0.006649092401201695,0.799661495007323,0.10568545979127848,3,Y-dominant,True,80.84617973997784,6.009599640200828
1.0,1.04,2.020000000000001,94.23254731236327,15.291798398473988,10.89918243984519,9.176438253322797,4.394612532596687,3.554899435241739,0.08215314267344132,0.006159882472917083,0.8195336960065146,0.092153278847127,3,Y-dominant,True,83.33336487251808,5.621538818081058
1.0,1.1800000000000002,2.140000000000001,87.8667998240843,9.246459498637254,7.1218735234777135,9.226060985506438,3.520455857564493,3.064800778840195,0.08711847375379356,0.006312876543954442,0.8060834909991724,0.10048515870307961,3,Y-dominant,True,80.74492630060658,6.161260206666243
1.0,1.1600000000000001,2.120000000000001,88.4937172201585,10.88673464030906,8.146766589125393,9.553073474104288,3.7735276520944967,3.2066862668938265,0.08650352710499429,0.006061664492616622,0.8142415535208198,0.09319325488156921,3,Y-dominant,True,80.34695063103311,6.346387207210461
1.0,1.02,2.000000000000001,93.75916427407753,16.337895291679402,11.552815129022607,9.669212082609238,4.826431249003562,3.796999940522734,0.08108425068340293,0.0063067971391227015,0.8148461219398943,0.09776283023758012,3,Y-dominant,True,82.20634914505493,5.8722121420865045
1.0,1.1400000000000001,2.100000000000001,89.06707316027696,12.259294670957246,9.004383230296169,9.821186135528766,3.828305929410948,3.2373978783012385,0.08597866921418969,0.005881074738970509,0.8224358508464478,0.08570440520039202,3,Y-dominant,True,80.06268992998079,6.5837882572275275
1.0,1.12,2.080000000000001,89.51686016231481,13.40610860309098,9.720946943768078,10.073456309442728,3.81451388181915,3.2296653239584856,0.08537280904903004,0.00575905602170078,0.8289263755588201,0.0799417593704491,3,Y-dominant,True,79.79591321854673,6.843790985484242
1.0,1.0,1.9800000000000009,92.87607762358948,17.884990024703427,12.519486282839084,10.167246222362637,5.1627628633788705,3.9855653053123237,0.08001674499981769,0.006529913937812203,0.8082489040139527,0.10520443704841738,3,Y-dominant,True,80.3565913407504,6.181680917050313
1.0,1.1,2.060000000000001,89.75673791541644,14.486865204628884,10.39623605742263,10.354867160281385,3.8811734710100287,3.26703822979087,0.08459663133963195,0.0056898773220603795,0.8326645281903031,0.07704896314800458,3,Y-dominant,True,79.36050185799381,7.087828930490515
1.0,1.08,2.040000000000001,89.77985253900634,15.491460643677577,11.023937394292796,10.695747130038951,4.098426632138796,3.38884188971748,0.08366099105764886,0.005674706575289225,0.8335431924293241,0.07712110993773783,3,Y-dominant,True,78.75591514471354,7.306905240321472
1.0,1.06,2.020000000000001,89.59848190006802,16.433802865427406,11.61274105533838,11.106754751632682,4.434340546068862,3.5771730694543913,0.08263546707388064,0.005719054849755215,0.8320444353655376,0.07960104271082652,3,Y-dominant,True,77.98574084472965,7.529581682178291
1.0,1.04,2.000000000000001,89.10250960976418,17.56202839677671,12.317690178927508,11.567613505848602,4.769206029389778,3.7649164433121616,0.08159003812644636,0.005829638513995639,0.8286713509264232,0.08390897243313478,3,Y-dominant,True,76.78481943083668,7.80269706253644
1.0,1.5000000000000004,1.0,80.10233649157884,5.661017843835446,4.881582126056804,23.392156550516365,2.591814044098785,2.5441548602569224,0.6185698890599113,0.026118313983454267,0.20486141084304385,0.15045038611359066,1,Bar-dominant,True,75.22075436552204,20.848001690259444
1.0,1.4800000000000004,1.0,80.12438574781332,6.111179291177625,5.162856489169254,23.87988206779835,2.6404337541896106,2.571413651810815,0.6263512957907901,0.026052651065528974,0.2055300344244526,0.1420660187192283,1,Bar-dominant,True,74.96152925864406,21.308468415987534
1.0,1.4400000000000004,1.0,80.06210627724565,6.577766013139346,5.4543938561103005,24.12552782058351,2.2186879794431262,2.3349605725745697,0.6428497963870061,0.026234983788831354,0.20693681649885148,0.12397840332531106,1,Bar-dominant,True,74.60771242113535,21.79056724800894
1.0,1.4600000000000004,1.0,80.07860540785336,6.5343185112070765,5.427246554832106,24.133814656008756,2.4895826890201005,2.4868385333360905,0.6344890562314524,0.02609096471023772,0.20623811565399902,0.1331818634043109,1,Bar-dominant,True,74.65135885302125,21.646976122672665
1.645,1.1600000000000001,2.180000000000001,98.62474361982004,1.5296230539218347,2.300162848239926,4.74995421036904,0.7789184711937333,1.527749323521359,0.08925051467861385,0.007913673665661501,0.7908765369016931,0.11195927475403152,3,Y-dominant,True,94.84097573446536,2.2368065731764046
1.645,1.02,2.160000000000001,101.65183155700439,4.7158800361862285,4.2910316991608335,4.868435345393151,0.8912089090510463,1.5907053064618124,0.08512963856804984,0.010365800981895382,0.7320450675227533,0.17245949292730142,3,Y-dominant,True,94.59308441188482,2.25172511626347
1.645,1.0,2.160000000000001,101.54035140649691,4.575706965547225,4.2034473638022956,4.907201980715167,0.9350119925917024,1.6152636413721184,0.08446625363640885,0.010981140929167839,0.718927673096427,0.18562493233799626,3,Y-dominant,True,94.62568049304214,2.2500932906580315
1.645,1.1400000000000001,2.160000000000001,99.49631972147935,1.696890843123838,2.4046767757537113,4.97267278623668,1.036184411365077,1.6719862723626089,0.0880728220212989,0.007569007213250635,0.7930282285119842,0.11132994225346632,3,Y-dominant,True,95.5406264253645,2.2222553682001887
1.645,1.2600000000000002,2.360000000000001,93.74285922703524,1.0285132373512116,1.9870544171703948,4.994568177565418,0.4087505756339895,1.3202135425354897,0.10340607008199973,0.015259653516143801,0.772405934936624,0.10892834146523243,3,Y-dominant,True,90.47415471078995,2.822816900094537
1.645,1.1,2.140000000000001,101.31064377889768,3.1889795920086152,3.3369785422148563,5.0272185510797565,1.5299140312527308,1.948797318075521,0.08675260272427587,0.007704212549427745,0.7879459376697859,0.11759724705651046,3,Y-dominant,True,95.82131407695425,1.8214469628455245
1.645,1.08,2.220000000000001,98.98632402000257,2.537957304702717,2.930200306728185,5.035992361563698,1.0428217905685604,1.6757075396394787,0.08954279300268694,0.011194762680639951,0.7420656237110206,0.15719682060565252,3,Y-dominant,True,94.16614451543471,2.279453458856756
1.645,1.04,2.300000000000001,96.46669174421211,0.6757178211095191,1.7666172682358148,5.06660988351595,0.9477696462277296,1.622416259529067,0.09354466894247217,0.01688774857676201,0.700860417167548,0.18870716531321788,3,Y-dominant,True,93.5606063379642,2.3977351365906348
1.645,1.2800000000000002,2.3800000000000012,93.22070705247424,1.0251560298439832,1.9849567333082887,5.074026946695468,0.3829443133896902,1.3057451814122263,0.10508489670798929,0.01615568593479951,0.7708640280114473,0.10789538934576391,3,Y-dominant,True,89.9554532261821,2.9260761232723556
1.645,1.1,2.240000000000001,98.12581003448413,1.9945910148586854,2.590688764780255,5.091699900577771,1.0353390571553762,1.6715123218979024,0.09121005202157047,0.011645110803243807,0.7452996020324519,0.1518452351427338,3,Y-dominant,True,93.86412701642061,2.3420621310557213
1.645,1.2600000000000002,2.3800000000000012,93.41284089556748,1.1913881317534012,2.0888235323633277,5.098716206211684,0.47058390872001077,1.354880592884527,0.10428724041469899,0.016435724985711657,0.7629622060866013,0.11631482851298812,3,Y-dominant,True,89.97672618482981,2.869937630916637
1.645,1.08,2.240000000000001,98.15459324412993,1.846617318696777,2.4982303648193653,5.120612532569934,1.1069635134346636,1.711668795892312,0.09064487626490883,0.01215437586068731,0.7353889214443071,0.16181182643009676,3,Y-dominant,True,94.04500429400207,2.304917363327081
1.645,1.06,2.280000000000001,96.88968175476818,0.9045569593718455,1.9096028198639428,5.125398773333458,1.046021530782858,1.677501483934194,0.09262800011975748,0.014942475461118673,0.714663968492216,0.17776555592690782,3,Y-dominant,True,93.748385116092,2.365908832261709
1.645,1.06,2.240000000000001,98.18266827955696,1.7090561044540085,2.4122779956114817,5.126482803696332,1.1614821606276597,1.7422348448641776,0.09006099513570591,0.012708040876284441,0.7249946282864741,0.17223633570153554,3,Y-dominant,True,94.21447097677607,2.2605064838947597
1.645,1.1,2.260000000000001,97.36250900829833,1.530370494875906,2.3006298717479625,5.150544970085237,1.0651218425126494,1.688210133061968,0.09242162797489444,0.012668504459538918,0.7392484040372432,0.15566146352832344,3,Y-dominant,True,93.57797286927294,2.3734393011982995
1.645,1.3000000000000003,2.4000000000000012,92.71603922311698,1.1007671861822947,2.0322008497665527,5.172038103925191,0.3761103155262325,1.301913679272626,0.10669833561530848,0.017064257423326623,0.7685176681785973,0.10771973878276754,3,Y-dominant,True,89.373068825251,3.030390101521721
1.645,1.2800000000000002,2.4000000000000012,92.93574561544693,1.150727892199776,2.06341779615031,5.176541907336176,0.4430965850434981,1.3394697394451969,0.10584917106576279,0.01733729617260346,0.7606162507441824,0.11619728201745134,3,Y-dominant,True,89.54142334077967,2.9731141859488273
1.645,1.1800000000000002,2.180000000000001,96.50693930053095,1.2327127655606598,2.1146444020171353,5.236858596419802,0.7519557459463336,1.5126325878215627,0.08941247839332023,0.007603918631852967,0.7953267687797998,0.10765683419502697,3,Y-dominant,True,93.02834925921276,2.7485779894533313
1.645,1.3000000000000003,2.4200000000000013,92.47100697461278,1.1819265750039736,2.082911668154475,5.273801768351495,0.4291543908598661,1.3316530049491344,0.10735194079978846,0.01824674722446518,0.7575585063166443,0.116842805659102,3,Y-dominant,True,89.04461728049867,3.083232575210169
1.645,1.3200000000000003,2.4200000000000013,92.21989554050255,1.2386932596433629,2.1183811939484345,5.283360925707969,0.40272999354665023,1.3168380844785554,0.10825553846895405,0.017975436892929398,0.7654839209719042,0.10828510366621229,3,Y-dominant,True,88.73515847645737,3.1171622767407454
1.645,1.3200000000000003,2.4400000000000013,92.01335922149096,1.282106499273099,2.1455070871132045,5.384547521085957,0.4394735034761757,1.3374384475053254,0.10881227002469367,0.01915674262425673,0.7539489034751734,0.11808208387587615,3,Y-dominant,True,88.48400006318974,3.1844612749396966
1.645,1.3400000000000003,2.4600000000000013,91.56027819124915,1.4280197544676765,2.2366780618086954,5.504097277965743,0.4852710253967511,1.363114970491285,0.11025397150126737,0.02006307910386515,0.7499787841974745,0.11970416519739296,3,Y-dominant,True,87.88094277957384,3.2617731515075787
1.645,1.1600000000000001,2.160000000000001,97.33463275861693,1.6075828162100505,2.3488744440806686,5.5356927433906105,1.3100320756156218,1.8255198163385216,0.0882182625925157,0.007230867403088939,0.7980124618516777,0.10653840815271762,3,Y-dominant,True,93.47073429810423,2.5327126455137425
1.645,1.3600000000000003,2.4800000000000013,91.11089609437808,1.5978882622772843,2.342816996249012,5.629009039512008,0.5715673032717693,1.4114972468577534,0.11170262994646667,0.020964744286301434,0.745830547582492,0.12150207818473993,3,Y-dominant,True,87.25696213554845,3.3070960684310036
1.645,1.3400000000000003,2.340000000000001,88.20950053944895,2.334280306308333,2.802936814169505,5.657486376305897,0.5076368351420386,1.3756544312293664,0.10519315286186205,0.013476598546152888,0.803081395355668,0.07824885323631706,3,Y-dominant,True,83.59866948014012,3.3945348369335893
1.645,1.3800000000000003,2.5000000000000013,90.66491492481632,1.7814993791471951,2.457542724680157,5.755647060338712,0.694011548695875,1.4801459935646808,0.1131749427211033,0.02186270455739881,0.7416062752486416,0.12335607747285621,3,Y-dominant,True,86.62225714271746,3.3208069009248127
1.645,1.3600000000000003,2.360000000000001,87.19094049739805,2.2745534049442884,2.7656176562517416,5.8100799593275525,0.5413222758877775,1.3945402782649363,0.1071051431210958,0.014388117016723358,0.8013207084281875,0.07718603143399339,3,Y-dominant,True,82.64149945286393,3.5160612015817323
1.645,1.3800000000000003,2.3800000000000012,86.13766352570609,2.1711925308065054,2.7010346844857205,5.935685317975301,0.5665032790296854,1.4086580859293778,0.10891818019082192,0.015284010804145348,0.7985649816931093,0.07723282731192346,3,Y-dominant,True,81.69446146972707,3.6184427666214742
1.645,1.4000000000000004,2.4000000000000012,85.02489482920454,2.060457231963223,2.6318439511608043,6.030164985609783,0.6303806134037968,1.4444711119525573,0.11066728245661424,0.016154251015521627,0.7951469055345964,0.07803156099326773,3,Y-dominant,True,80.69551152954502,3.6540100064478263
1.645,1.2000000000000002,2.160000000000001,87.10310230488898,7.862161366806911,6.256922564911138,8.837311624611953,3.0975761995233517,2.827711984411125,0.08800395280019682,0.006649092401201695,0.799661495007323,0.10568545979127848,3,Y-dominant,True,76.81046468561016,4.185725410255652
1.645,1.1600000000000001,2.120000000000001,88.4937172201585,10.88673464030906,8.146766589125393,9.553073474104288,3.7735276520944967,3.2066862668938265,0.08650352710499429,0.006061664492616622,0.8142415535208198,0.09319325488156921,3,Y-dominant,True,75.09228618104723,4.278074565063943
1.645,1.1400000000000001,2.100000000000001,89.06707316027696,12.259294670957246,9.004383230296169,9.821186135528766,3.828305929410948,3.2373978783012385,0.08597866921418969,0.005881074738970509,0.8224358508464478,0.08570440520039202,3,Y-dominant,True,74.25486274643977,4.495666625723229
1.645,1.12,2.080000000000001,89.51686016231481,13.40610860309098,9.720946943768078,10.073456309442728,3.81451388181915,3.2296653239584856,0.08537280904903004,0.00575905602170078,0.8289263755588201,0.0799417593704491,3,Y-dominant,True,73.52590243981632,4.760656851531019
1.645,1.1,2.060000000000001,89.75673791541644,14.486865204628884,10.39623605742263,10.354867160281385,3.8811734710100287,3.26703822979087,0.08459663133963195,0.0056898773220603795,0.8326645281903031,0.07704896314800458,3,Y-dominant,True,72.65492960095621,4.980589272275403
1.645,1.5200000000000005,1.0,79.87256242950733,5.3816205347224075,4.707006314111792,22.687217638427533,2.368619014294239,2.4190198731921813,0.6112525640811813,0.02628655776079348,0.20427463781276392,0.1581862403452613,1,Bar-dominant,True,72.12953704279343,18.707929947026393
1.645,1.5000000000000004,1.0,80.10233649157884,5.661017843835446,4.881582126056804,23.392156550516365,2.591814044098785,2.5441548602569224,0.6185698890599113,0.026118313983454267,0.20486141084304385,0.15045038611359066,1,Bar-dominant,True,72.0721338942154,19.20702180539373
1.645,1.4800000000000004,1.06,77.43309550979214,4.963460739763522,4.445727542460586,23.68278528754877,1.683119341119254,2.0346923511557176,0.6627502984481576,0.020870756490591794,0.20338113931150645,0.11299780574974413,1,Bar-dominant,True,70.11987370244448,20.335716369897618
1.645,1.4600000000000004,1.04,78.39808218944944,5.498305492237493,4.779914572479176,23.75911823353413,1.7941671849206895,2.096951669877236,0.6591563924869888,0.02249378137674756,0.2050738693706005,0.11327595676566325,1,Bar-dominant,True,70.5351227177212,20.309632736586078
1.645,1.4800000000000004,1.0,80.12438574781332,6.111179291177625,5.162856489169254,23.87988206779835,2.6404337541896106,2.571413651810815,0.6263512957907901,0.026052651065528974,0.2055300344244526,0.1420660187192283,1,Bar-dominant,True,71.6314868231299,19.64990661056956
1.645,1.4600000000000004,1.02,79.27287863744344,6.112457464187383,5.163655129971104,24.035921877411443,2.113842906952554,2.2761788568643286,0.6469520059821499,0.024253922178271065,0.20582569289314592,0.12296837894643312,1,Bar-dominant,True,70.77866594864098,20.291607657869623
1.645,1.4400000000000004,1.0,80.06210627724565,6.577766013139346,5.4543938561103005,24.12552782058351,2.2186879794431262,2.3349605725745697,0.6428497963870061,0.026234983788831354,0.20693681649885148,0.12397840332531106,1,Bar-dominant,True,71.0896283839442,20.284517678698343
1.645,1.4600000000000004,1.0,80.07860540785336,6.5343185112070765,5.427246554832106,24.133814656008756,2.4895826890201005,2.4868385333360905,0.6344890562314524,0.02609096471023772,0.20623811565399902,0.1331818634043109,1,Bar-dominant,True,71.15078482515455,20.042965268670887
