point,L0Bar,L0Y,Class,true_Strength,mu_Strength,sigma_uc_Strength,sigma_cal_Strength,true_Toughness,mu_Toughness,sigma_uc_Toughness,sigma_cal_Toughness,test
0,1.0,1.2,2,42.81570519421375,34.43001580200924,17.075295566211924,12.013564919575911,22.26287186684205,12.49989425697635,7.036955196523456,5.036337061163078,True
1,1.0,1.3,2,59.38278865114611,50.936713474056305,14.771315896646641,10.573969374450497,10.058174687361719,8.342565681722267,5.684969547366848,4.27834210550891,False
2,1.0,1.4,2,20.89585714361514,20.600044718368416,4.333830712147791,4.052315831929382,16.56761127473616,19.460487959182778,2.6843562664033955,2.596038944777849,False
3,1.0,1.8,3,18.49277387277017,22.42555016121802,8.703953857623045,6.782899740711297,14.049413234617568,15.910137931709425,4.416081732836968,3.566936209074519,False
4,1.0,1.9,3,71.31737127271622,48.76871245923725,21.760812715681336,14.941216454043484,22.800199024423442,21.027931471046205,4.130533483561526,3.4068426957434523,True
5,1.0,2.0,3,106.02724465602475,96.57023047320502,15.315423874547731,10.913944345324003,5.360247481788985,8.412206426678967,4.75076969188386,3.7545800533963796,False
6,1.0,2.1,3,102.31586665053233,102.27980539060557,6.694891911541882,5.527577627558648,5.1165813362992765,5.4127378525185375,2.781401483060362,2.650447647076009,False
7,1.0,2.2,3,100.54575565420733,99.70992777436844,2.7443004897369447,3.0591297126019406,4.83407354664049,5.01758632506273,1.2366504145520816,1.7843781600211,False
8,1.0,2.3,3,98.04053105918149,96.66356469469913,0.987406281771712,1.9613695593968532,4.160788629019243,5.033241485254078,1.0021513540564162,1.6529055330207774,False
9,1.0,2.4,3,94.62319761567007,94.88317536571972,1.1271606691750768,2.0486922889223163,4.847187637262277,4.818275258565806,0.6166928249976654,1.4367970108462464,False
10,1.0,2.5,3,92.99204719253044,93.87575888674712,1.5055086221872616,2.2850954286107967,5.218291403010326,4.648938296836898,0.5562013150742847,1.402882257823217,True
11,1.1,1.3,2,32.1657926883108,28.982007670274566,12.921252127288042,9.417994087103844,22.335185977271397,14.60034247749211,5.288744342166778,4.056197212897036,True
12,1.1,1.4,2,61.933831883918,55.92641584402637,15.277421258161398,10.890199171711773,2.7615194056182433,5.235668790843169,5.5686887302853645,4.213148904055853,False
13,1.1,1.5,2,20.16537021859946,21.66456887365974,3.828803157299784,3.7367594805740985,21.981828240884,20.019451485588547,1.8541767395531992,2.130596213168706,False
14,1.1,1.8,3,25.870520205273934,22.359974128014404,5.5396160619948525,4.805726654493124,14.0049283108389,14.915188841136217,5.114344377736945,3.958419330871036,False
15,1.1,1.9,3,17.2175256875071,20.484603002628408,6.403171195126466,5.34530178141298,14.799912443472774,16.158677340906717,4.275215954825132,3.4879593728752,False
16,1.1,2.0,3,61.38960058864802,54.30385195736435,12.706532005295703,9.28383051997164,22.726212344024198,21.40609931964466,2.580745453272052,2.537949220412966,False
17,1.1,2.1,3,99.8683907227732,97.57937782901601,9.445010113831428,7.245933898181184,6.0320034789695995,6.67246613420525,3.6471561438287416,3.135835688070297,False
18,1.1,2.2,3,96.10430348841847,99.8886408187194,3.4724154366789244,3.514077752206246,5.813020903903137,4.822333715211245,0.9374760953473213,1.6166451482395454,True
19,1.1,2.3,3,96.78376589038817,96.14381037319467,1.0761132160195563,2.0167963103581688,7.355559882552597,5.133515433387172,0.952504575243034,1.6250709121958467,False
20,1.1,2.4,3,93.87229119248633,94.27486717125481,0.917049092332933,1.9174082789126716,4.1169070132174665,4.880033022928138,0.6905956843683118,1.4782308786142322,False
21,1.1,2.5,3,91.92165931955867,93.39336299852424,1.3913276964935302,2.2137517643683053,4.122110394865796,4.659151935893528,0.7000600421498658,1.483537100216066,False
22,1.2,1.0,1,22.28778242646885,21.694422454816014,2.303109209052332,2.78346017844256,20.714414689313326,20.18868610054525,1.5243254935242347,1.945664087031001,False
23,1.2,1.4,2,23.16444205795815,25.638640007349995,9.787962575867223,7.460220874346071,17.8525156358467,15.715353265778816,4.0862802627330295,3.3820319899638642,False
24,1.2,1.5,2,63.332813736939954,59.403573259173506,10.29616025560655,7.777758014738394,1.82898508052785,3.6780902372517366,4.0619157631469385,3.3683719575553726,False
25,1.2,1.6,2,24.95659463756515,26.645482647783474,6.725158637947885,5.546489185275574,19.11475683793465,19.04342003145384,3.0424785502323983,2.7968213161137223,False
26,1.2,2.0,3,14.711327801764734,20.170598226170977,7.634012624104049,6.114368393118912,14.213846936187466,16.8403301361447,4.0810269700754,3.379086715110139,True
27,1.2,2.1,3,41.95254310380097,47.05488081906787,9.879454766290706,7.517387936836803,21.849868675161133,21.609713839999444,2.0369609117348606,2.233074727325681,False
28,1.2,2.2,3,94.71421913113033,95.49367986658235,1.260795628940379,2.1321914166674154,4.434601146470383,5.050481500991673,0.6160799073008084,1.4364533766347898,False
29,1.2,2.3,3,94.19984376701287,95.55695309332106,1.2362244794898243,2.1168386261220444,4.6685111413823535,4.907867176295165,0.5753671510937503,1.4136276433476214,False
30,1.2,2.4,3,93.48940821225624,93.69222114669529,1.8648509864419278,2.5096233068682716,3.98125478783674,5.052151541622591,0.9424848223111668,1.619453306577034,False
31,1.2,2.5,3,92.37908589082757,92.90984583445501,2.135907928054668,2.6789878072480193,5.06397086211145,4.842597869633891,1.1191743811808135,1.7185148568408994,True
32,1.3,1.0,1,37.440819767292076,43.13817894743096,9.867312747462552,7.509801239590843,25.156835357817474,23.378032598552902,2.538283959301374,2.514143051864216,False
33,1.3,1.1,1,20.551007181485623,21.47739086964128,1.8174292255583986,2.479992769493429,17.6341476127744,19.35819588620244,0.994240220123812,1.648470131196683,False
34,1.3,1.5,2,20.51884998427476,25.62823960443655,9.947815642248267,7.560101860830734,18.09916668244404,15.442831531120977,3.739642276708466,3.1876883258808566,False
35,1.3,1.6,2,63.5781120854075,58.8684394867548,8.822352077195706,6.856878496556719,1.977766810996525,4.388830233152886,4.201452698257096,3.44660377385233,False
36,1.3,1.7,2,34.115780411653425,31.776413592059804,7.264267312498072,5.883340441592152,17.691033064657375,17.181863830934653,3.125075843010795,2.8431297449907387,False
37,1.3,2.2,3,33.62346313487976,35.75617260584345,6.113632247556517,5.164389169827025,22.885255128649302,21.764873650481498,2.5382604581193178,2.514129875853463,False
38,1.3,2.3,3,88.71483507879226,90.22439415120452,2.232823494366066,2.7395435575257636,4.810595951836794,5.306287303954449,0.48428039271109785,1.3625595691975658,False
39,1.3,2.4,3,93.89981601357904,92.71603922311698,1.1007671861822947,2.0322008497665527,4.59171662750557,5.172038103925191,0.3761103155262325,1.301913679272626,False
40,1.3,2.5,3,90.27597041297177,91.94599311358883,2.254492554616805,2.7530830357668648,3.51680282158692,5.3129254291095585,0.9584652844801885,1.628412802353263,True
41,1.4,1.0,1,86.1572725747117,78.65879495781726,6.458358155896486,5.379784248390877,24.46021001385732,23.769666515757827,1.7833352569301304,2.090878715787838,False
42,1.4,1.1,1,47.40972483928133,47.530904681550716,8.557522975109974,6.691405336954526,20.937048290013298,22.367054669574053,2.548029280048653,2.5196067962259088,True
43,1.4,1.2,1,20.481919337918775,20.62199527195836,1.2388435638623894,2.118475108528924,19.09315793183945,18.772776099036925,0.9938845687089083,1.6482707341256886,False
44,1.4,1.6,2,18.632969188112835,21.64858025314614,4.234977079953486,3.990549120006425,15.479088510995524,16.385360473567857,1.6484931629710715,2.015279076772016,False
45,1.4,1.7,2,54.98950678020617,50.30905261044995,10.755638643083051,8.064853881264588,6.403239343364375,8.39861375653732,4.79067917792734,3.776955430770082,True
46,1.4,1.8,2,35.62523389249657,37.081246128741334,6.199108460261735,5.217797269147555,17.987320114985366,15.065522115100412,2.920196516478943,2.7282635138840368,False
47,1.4,2.3,3,27.735522821141263,30.56293064540992,9.11790572400224,7.041549272479205,22.732576075377967,20.00747163421955,3.0227036759619006,2.785734471401219,False
48,1.4,2.4,3,87.35859796967429,85.02489482920454,2.060457231963223,2.6318439511608043,6.664549674421354,6.030164985609783,0.6303806134037968,1.4444711119525573,False
49,1.4,2.5,3,89.50992642268943,90.24067698152392,1.9685019808560114,2.5743875544774912,6.58320936583297,5.784469617821038,0.8906356703599809,1.5903839184082598,False
50,1.5,1.0,1,85.67884501267451,80.10233649157884,5.661017843835446,4.881582126056804,26.033455616949,23.392156550516365,2.591814044098785,2.5441548602569224,False
51,1.5,1.1,1,71.3828894764614,75.27260894019308,3.947529472020362,3.8109432401005665,21.64499300940713,23.14598854478814,1.4933766930679844,1.9283125458781645,False
52,1.5,1.2,1,56.484914849706776,52.48477370459337,8.24895357119396,6.498601925922989,21.09007756483452,20.285038515417348,2.1014656806171184,2.269239526455679,False
53,1.5,1.3,1,20.781487856364,19.14745265251935,2.177347639021164,2.704880580559647,13.267190582608643,18.413382807881565,0.8293198876807859,1.5560070343031585,True
54,1.5,1.4,1,17.02894957415735,16.889608607040806,3.91959783277244,3.793490714819844,16.996076659902027,17.254940035033545,2.0004574023854502,2.2126089213699824,False
55,1.5,1.7,2,20.299274061488774,20.217348940818862,3.6804569251235253,3.6440683089469736,18.06789415848285,16.777123921580117,1.8529313865851096,2.1298980021570655,False
56,1.5,1.8,2,45.81819199191605,40.730876795139714,13.450212448958824,9.748504348407081,11.2627084006723,12.979118003793534,6.143245316991461,4.535275839894837,True
57,1.5,1.9,2,43.50616172761773,40.76585864302381,5.639635280402017,4.868221659613134,11.167872475426345,12.402826627315205,2.249092981769814,2.3520072316161498,False
58,1.5,2.0,2,15.99250790650005,18.28137180333828,2.755400905106133,3.0660655847910996,14.311787412395875,15.95636182491393,2.7009730493767843,2.605355195790488,False
59,1.5,2.4,3,26.10144790045783,29.624229929469124,11.103026981259736,8.281912525780335,17.146073295989,17.639833494920985,2.6171850294396553,2.558379182031604,False
60,1.5,2.5,3,77.430549346183,77.8705855772901,2.593578676240502,2.964954206572566,5.28813934914015,6.467898643457795,1.4200713729024963,1.8872136903224743,False
61,1.6,1.0,1,78.60220609535597,76.36348851342191,3.312426195459825,3.4141116796017656,17.989211690166634,18.641075760242835,0.8737354029835689,1.5809087309841048,False
62,1.6,1.1,1,71.4438364158991,76.42912654853805,4.019228926196667,3.855743207818861,20.77736434766016,21.845366484334782,1.3401084195013824,1.8423822120038515,False
63,1.6,1.2,1,62.83244503940233,70.38878668836341,4.615173725145144,4.228107377971787,24.314295670270337,22.445437297652752,1.8339255622192085,2.1192423276634873,False
64,1.6,1.3,1,58.043875247217635,58.056388985015055,10.178132096839729,7.704010483974752,14.45764646727391,16.60892836547563,2.492013760896327,2.488201521338339,True
65,1.6,1.4,1,19.528272492831448,18.853726006521203,2.5527731086193657,2.9394576650276547,19.59261980698215,17.811618675593735,1.105604674127381,1.710906958411931,False
66,1.6,1.5,1,14.9274385746899,16.74635655842044,4.152713048430604,3.9391480877539387,13.584928849166,16.88004471181455,2.2670121468982183,2.3620536672313044,False
67,1.6,1.8,2,18.70656102176115,20.127393904443164,4.976392970215314,4.453807987610716,16.475500264086424,17.266222719631106,2.9742401169024855,2.7585632264083446,False
68,1.6,1.9,2,37.61040536196327,35.513238543472575,14.348537131703887,10.309804531928231,22.542665474583867,15.04823884633414,7.2572964406152725,5.159872064399503,False
69,1.6,2.0,2,44.68524155976913,41.696351315205916,8.394879381203612,6.589780745243193,7.816281837380406,10.010389698558779,3.4699283190248003,3.036472357337644,True
70,1.6,2.1,2,16.3011911471622,18.10987664870388,2.954864465407643,3.1906963949575307,15.553481880829267,15.21335115783518,3.2597972590656568,2.9186617255645517,False
71,1.6,2.5,3,26.760099448330866,28.929916443701728,11.85459728224552,8.751516173520788,17.253243737433966,16.847278090268894,2.6916436980209544,2.600124665960785,False
72,1.7,1.0,1,71.7661995486084,71.73522272270822,1.8616441539341932,2.5076195818124125,14.581765487729701,14.629477093161025,1.3725941307893907,1.8605954269906442,False
73,1.7,1.1,1,78.50919337690385,73.48868408938907,2.2250238337280615,2.7346700958124144,21.65198286684715,16.71839838731709,0.9586737626751065,1.628529686301114,True
74,1.7,1.2,1,79.99719446748381,74.21280430706801,3.0723958781257084,3.264133543903011,20.5842603804155,20.11846978648341,0.8063246897207086,1.5431147051065572,False
75,1.7,1.3,1,63.28835250491195,70.2825102120237,3.8461269968143994,3.7475839346780764,18.9934879839535,20.842734258680984,1.797112160219723,2.0986027794304967,False
76,1.7,1.4,1,67.1327722479398,66.00837855249273,5.843635628690455,4.995687190876037,10.775944631568295,13.283769999363642,2.4766033822433564,2.479561644656986,False
77,1.7,1.5,1,16.484240804319526,22.644059967324985,6.474993808463985,5.390178702666137,16.613986733013075,16.466218227038652,2.027375547598345,2.227700663134896,False
78,1.7,1.6,1,15.7585522977264,17.00736655634281,2.769402414139498,3.0748141472440267,16.120802777688827,16.676379030248526,1.551030496352036,1.9606363298553469,False
79,1.7,2.0,2,29.124210888826802,31.233495532909142,13.714575275042492,9.913686164789436,19.710073901690876,15.729732982403942,7.45737380921748,5.272046062870299,False
80,1.7,2.1,2,46.453384160498565,42.95875191584495,11.097165695107156,8.278250218536298,4.944878573759263,7.511906762731437,4.470926799942872,3.5976852663849446,False
81,1.7,2.2,2,14.488534728757534,19.165669157374676,7.158193248080333,5.817062187228068,14.601191023961066,15.924212422681327,3.8435766231803172,3.2459594402185132,False
82,1.8,1.0,1,69.86792006915198,69.27905853372873,1.562818444199477,2.320904322912491,12.97838453858875,12.486441846131727,1.543231426007963,1.9562637568304133,False
83,1.8,1.1,1,71.7471677976817,70.40352810950817,1.8812111420768118,2.5198456224037127,11.460708975733725,13.283258370206436,1.3712240115845902,1.859827265400666,False
84,1.8,1.2,1,73.50397660327812,71.6511120217651,2.2101354091619503,2.725367361954805,16.233276031999672,15.259682108875314,1.2592150132027107,1.797029072376721,False
85,1.8,1.3,1,74.59685990483652,72.49174544831547,2.1304759534364592,2.6755937467166246,20.950188488929776,18.850122899472172,1.5600929975970783,1.965717249341169,False
86,1.8,1.4,1,65.591960546395,71.05128250525486,4.8753721253199,4.390687136243271,19.04500294060005,19.793093268378566,1.3580174142089545,1.8524229455409604,False
87,1.8,1.5,1,75.22236512124877,72.11996899593066,3.1385541538845314,3.3054712172834146,11.421824151342928,11.694197908576621,1.392595626871834,1.871809327926269,False
88,1.8,1.6,1,20.127266298104225,28.6983600396454,13.035324091069608,9.489269668678155,15.478872505803125,15.667947775899368,3.3163510329334995,2.950368774631066,True
89,1.8,1.7,1,15.251624701513725,18.097189131234153,3.512235193736839,3.538958329767665,16.0562316100248,16.329528556148652,2.0166585041383986,2.2216921194146035,True
90,1.8,2.1,2,21.35579681348827,26.159654685699955,12.86713997610041,9.384183193363812,18.801330423732566,16.454859775830805,7.150512912190437,5.100003547345736,True
91,1.8,2.2,2,48.83200749593603,47.74997437603609,8.25256067070378,6.500855749797287,1.8618713309090102,4.555545230896454,4.4849030991112295,3.6055211219466785,False
92,1.8,2.3,2,17.822310010837665,18.814537087832036,2.2890852207010024,2.7746975702380903,18.745286497855265,18.015461654826403,2.108643796376732,2.273263959363146,False
93,1.9,1.0,1,68.1554204717836,67.9203203018534,1.698795623149515,2.4058669393977876,9.81690258819314,11.522328935623575,1.701537312907746,2.045018444274951,False
94,1.9,1.1,1,68.81050163065262,68.29351534591764,1.5663511270773562,2.323111649044972,12.446708860384476,11.903972247530593,1.6085510426233962,1.992885402874252,False
95,1.9,1.2,1,70.00787075196287,68.77118549991971,1.9500538665271385,2.5628606197763615,12.489846976718844,12.669982629363378,1.4631028215508535,1.9113394057324666,True
96,1.9,1.3,1,66.38616410370926,69.89100289392982,2.0687229550684707,2.637008622671035,16.596393354324523,14.536757721464028,1.5189109317463243,1.9426283961438275,True
97,1.9,1.4,1,75.13777001557544,71.44887617007318,2.1055928107516753,2.660046013448434,18.43361001536898,17.874138357521353,1.9920562489923161,2.2078987886125487,True
98,1.9,1.5,1,68.53814320899697,72.01225235827766,6.67253077473176,5.513605719142516,19.49220034806418,18.652348476062187,1.672303390567889,2.028628354867256,False
99,1.9,1.6,1,76.35579220454977,73.49901930886901,3.2346430313432757,3.365510427591121,10.67473266747813,12.128232557404328,1.1393634417325336,1.729833916379103,False
100,1.9,1.7,1,26.590473482268628,32.15401900072824,12.662406762224247,9.256259745718571,17.3409152302523,15.885958039869536,2.800522132560199,2.6611676986377613,False
101,1.9,1.8,1,15.04936161152886,17.216834447431033,2.6124596709542516,2.9767516179110864,16.756088065827463,16.825732560686554,1.7010503973028204,2.0447454535279017,False
102,1.9,2.2,2,17.088880431403968,23.82319268967899,12.799682846481566,9.342033957166533,18.899387459468134,16.08066257389255,6.699883083406543,4.84735653345282,False
103,1.9,2.3,2,50.1758077798978,46.14621257204174,9.737364299594047,7.42860555495932,1.09322872802545,4.9886548171622564,5.484918363720461,4.166182787714968,False
104,1.9,2.4,2,21.4725090184733,20.37497344042726,2.941449432924663,3.1823142806293023,20.378480371159398,18.936180230321025,2.3809934011820966,2.4259576116557224,False
105,2.0,1.0,1,64.4252724511907,67.02254723278688,2.1656684295166846,2.6975830604489737,11.742895108603914,11.149492033614901,1.770243144239246,2.083538582122413,False
106,2.0,1.1,1,61.0428787454959,67.03687417184749,2.3805232629238016,2.831830799310276,11.43990210389649,11.287855587522724,1.732276794621625,2.062252630224394,False
107,2.0,1.2,1,67.92914865962737,67.07363102804085,3.1620943030716497,3.3201798079663165,10.209380580032068,11.612980699567023,1.6766024062857168,2.031038611389153,False
108,2.0,1.3,1,66.91419695119404,67.58328790292421,3.3204888825774947,3.419149488142206,11.52766858628333,12.40688020914531,1.8299798268569512,2.117030138870801,False
109,2.0,1.4,1,68.4593351558459,69.08685756593495,1.8775910231225499,2.517583663590351,16.625114688629026,14.161711040342462,2.3868794463504828,2.429257641170956,True
110,2.0,1.5,1,70.53891120146032,70.91271620075413,2.60868231652106,2.9743914136583256,15.518504087807024,17.055345941920695,1.9475103827474565,2.1829240102708463,False
111,2.0,1.6,1,67.36796029221762,73.32302822289292,7.863475090791186,6.257743419027287,20.69771237531105,17.27053235284091,2.759412003222941,2.638119176870262,True
112,2.0,1.7,1,69.86265452997606,71.75813950961637,3.9955203971990794,3.840929408384232,15.447604729134476,13.368572167533827,2.0606628611408504,2.246363298916746,False
113,2.0,1.8,1,35.91462169927672,30.611158879976955,5.876166448710248,5.016013422135103,17.810556668787925,17.077194676737676,1.6799757046625374,2.0329298616070393,False
114,2.0,1.9,1,16.65076077812998,15.864882065506066,7.339847138172826,5.93056498171288,14.91835246331919,17.724459811798294,2.3800834127202988,2.425447423796719,False
115,2.0,2.3,2,16.65625431634737,23.772330371425465,12.006589338937399,8.846485365566377,15.639161704669801,14.86195479182133,5.8974063849423874,4.397445478668111,False
116,2.0,2.4,2,46.6101304496425,42.25402574325763,10.377563839934622,7.828621413796965,1.8767043955324498,7.050280958027793,6.191170312587704,4.562145137608434,True
117,2.0,2.5,2,26.151753430429398,22.332614773038706,4.179924355240337,3.9561505277397586,19.496886376894068,18.940309262214978,2.5073580994170674,2.49680437241433,False
